index,committer,datetime,event_datetime,event_type,info
1,EVENT_QUEUE,2022-01-28 10:34:55,2021-01-04 15:00:00,Bar,Bar,2021-01-04 15:00:00,510300.SH,5.13,5.21,5.11,5.18,0.00,0.00
2,EVENT_QUEUE,2022-01-28 10:34:55,2021-01-01 00:59:00,Clear,NULL
3,EVENT_QUEUE,2022-01-28 10:34:55,2021-01-05 15:00:00,Bar,Bar,2021-01-05 15:00:00,510300.SH,5.17,5.29,5.16,5.28,0.00,0.00
4,EVENT_QUEUE,2022-01-28 10:34:55,2021-01-04 15:59:00,Clear,NULL
5,EVENT_QUEUE,2022-01-28 10:34:55,2021-01-06 15:00:00,Bar,Bar,2021-01-06 15:00:00,510300.SH,5.29,5.36,5.26,5.33,0.00,0.00
6,EVENT_QUEUE,2022-01-28 10:34:55,2021-01-05 15:59:00,Clear,NULL
7,EVENT_QUEUE,2022-01-28 10:34:55,2021-01-07 15:00:00,Bar,Bar,2021-01-07 15:00:00,510300.SH,5.34,5.44,5.33,5.44,0.00,0.00
8,EVENT_QUEUE,2022-01-28 10:34:55,2021-01-06 15:59:00,Clear,NULL
9,EVENT_QUEUE,2022-01-28 10:34:55,2021-01-08 15:00:00,Bar,Bar,2021-01-08 15:00:00,510300.SH,5.45,5.47,5.36,5.41,0.00,0.00
10,EVENT_QUEUE,2022-01-28 10:34:55,2021-01-07 15:59:00,Clear,NULL
11,EVENT_QUEUE,2022-01-28 10:34:55,2021-01-11 15:00:00,Bar,Bar,2021-01-11 15:00:00,510300.SH,5.41,5.46,5.32,5.35,0.00,0.00
12,EVENT_QUEUE,2022-01-28 10:34:55,2021-01-08 15:59:00,Clear,NULL
13,EVENT_QUEUE,2022-01-28 10:34:55,2021-01-12 15:00:00,Bar,Bar,2021-01-12 15:00:00,510300.SH,5.34,5.51,5.34,5.51,0.00,0.00
14,EVENT_QUEUE,2022-01-28 10:34:55,2021-01-11 15:59:00,Clear,NULL
15,EVENT_QUEUE,2022-01-28 10:34:55,2021-01-13 15:00:00,Bar,Bar,2021-01-13 15:00:00,510300.SH,5.52,5.55,5.45,5.49,0.00,0.00
16,EVENT_QUEUE,2022-01-28 10:34:55,2021-01-12 15:59:00,Clear,NULL
17,EVENT_QUEUE,2022-01-28 10:34:55,2021-01-14 15:00:00,Bar,Bar,2021-01-14 15:00:00,510300.SH,5.49,5.49,5.38,5.39,0.00,0.00
18,EVENT_QUEUE,2022-01-28 10:34:55,2021-01-13 15:59:00,Clear,NULL
19,EVENT_QUEUE,2022-01-28 10:34:55,2021-01-15 15:00:00,Bar,Bar,2021-01-15 15:00:00,510300.SH,5.39,5.42,5.31,5.37,0.00,0.00
20,EVENT_QUEUE,2022-01-28 10:34:55,2021-01-14 15:59:00,Clear,NULL
21,EVENT_QUEUE,2022-01-28 10:34:55,2021-01-18 15:00:00,Bar,Bar,2021-01-18 15:00:00,510300.SH,5.37,5.46,5.33,5.43,0.00,0.00
22,EVENT_QUEUE,2022-01-28 10:34:55,2021-01-15 15:59:00,Clear,NULL
23,EVENT_QUEUE,2022-01-28 10:34:55,2021-01-19 15:00:00,Bar,Bar,2021-01-19 15:00:00,510300.SH,5.43,5.45,5.33,5.35,0.00,0.00
24,EVENT_QUEUE,2022-01-28 10:34:55,2021-01-18 15:59:00,Clear,NULL
25,EVENT_QUEUE,2022-01-28 10:34:55,2021-01-20 15:00:00,Bar,Bar,2021-01-20 15:00:00,510300.SH,5.35,5.41,5.35,5.38,0.00,0.00
26,EVENT_QUEUE,2022-01-28 10:34:55,2021-01-19 15:59:00,Clear,NULL
27,EVENT_QUEUE,2022-01-28 10:34:55,2021-01-21 15:00:00,Bar,Bar,2021-01-21 15:00:00,510300.SH,5.40,5.50,5.40,5.48,0.00,0.00
28,EVENT_QUEUE,2022-01-28 10:34:55,2021-01-20 15:59:00,Clear,NULL
29,EVENT_QUEUE,2022-01-28 10:34:55,2021-01-22 15:00:00,Bar,Bar,2021-01-22 15:00:00,510300.SH,5.47,5.48,5.42,5.48,0.00,0.00
30,EVENT_QUEUE,2022-01-28 10:34:55,2021-01-21 15:59:00,Clear,NULL
31,EVENT_QUEUE,2022-01-28 10:34:55,2021-01-25 15:00:00,Bar,Bar,2021-01-25 15:00:00,510300.SH,5.48,5.56,5.45,5.54,0.00,0.00
32,EVENT_QUEUE,2022-01-28 10:34:55,2021-01-22 15:59:00,Clear,NULL
33,EVENT_QUEUE,2022-01-28 10:34:55,2021-01-26 15:00:00,Bar,Bar,2021-01-26 15:00:00,510300.SH,5.52,5.52,5.42,5.43,0.00,0.00
34,EVENT_QUEUE,2022-01-28 10:34:55,2021-01-25 15:59:00,Clear,NULL
35,EVENT_QUEUE,2022-01-28 10:34:55,2021-01-27 15:00:00,Bar,Bar,2021-01-27 15:00:00,510300.SH,5.42,5.45,5.37,5.44,0.00,0.00
36,EVENT_QUEUE,2022-01-28 10:34:55,2021-01-26 15:59:00,Clear,NULL
37,EVENT_QUEUE,2022-01-28 10:34:55,2021-01-28 15:00:00,Bar,Bar,2021-01-28 15:00:00,510300.SH,5.38,5.38,5.28,5.30,0.00,0.00
38,EVENT_QUEUE,2022-01-28 10:34:55,2021-01-27 15:59:00,Clear,NULL
39,EVENT_QUEUE,2022-01-28 10:34:55,2021-01-29 15:00:00,Bar,Bar,2021-01-29 15:00:00,510300.SH,5.32,5.34,5.20,5.27,0.00,0.00
40,EVENT_QUEUE,2022-01-28 10:34:55,2021-01-28 15:59:00,Clear,NULL
41,EVENT_QUEUE,2022-01-28 10:34:55,2021-02-01 15:00:00,Bar,Bar,2021-02-01 15:00:00,510300.SH,5.27,5.33,5.26,5.33,0.00,0.00
42,EVENT_QUEUE,2022-01-28 10:34:55,2021-01-29 15:59:00,Clear,NULL
43,EVENT_QUEUE,2022-01-28 10:34:55,2021-02-02 15:00:00,Bar,Bar,2021-02-02 15:00:00,510300.SH,5.34,5.41,5.33,5.41,0.00,0.00
44,EVENT_QUEUE,2022-01-28 10:34:55,2021-02-01 15:59:00,Clear,NULL
45,EVENT_QUEUE,2022-01-28 10:34:55,2021-02-03 15:00:00,Bar,Bar,2021-02-03 15:00:00,510300.SH,5.41,5.44,5.38,5.40,0.00,0.00
46,EVENT_QUEUE,2022-01-28 10:34:55,2021-02-02 15:59:00,Clear,NULL
47,EVENT_QUEUE,2022-01-28 10:34:55,2021-02-03 15:00:00,Signal,Signal,2021-02-03 15:00:00,510300.SH,卖出,平仓,5.40,50000.00,0.00,CNY,FOW,608fe456-f70e-4395-8a6d-b65b7ea67b7b
48,EVENT_QUEUE,2022-01-28 10:34:55,2021-02-03 15:00:01,Order,Order,2021-02-03 15:00:01,608fe456-f70e-4395-8a6d-b65b7ea67b7b,510300.SH,卖出,平仓,5.40,50000.00,TBF
49,EVENT_QUEUE,2022-01-28 10:34:55,2021-02-03 15:00:02,Fill,Fill,2021-02-03 15:00:02,608fe456-f70e-4395-8a6d-b65b7ea67b7b,510300.SH,卖出,平仓,5.40,50000.00,
50,EVENT_QUEUE,2022-01-28 10:34:55,2021-02-03 15:00:03,Cancel,Cancel,2021-02-03 15:00:03,608fe456-f70e-4395-8a6d-b65b7ea67b7b,510300.SH,买入
51,EVENT_QUEUE,2022-01-28 10:34:55,2021-02-03 15:00:03,Cancel,Cancel,2021-02-03 15:00:03,608fe456-f70e-4395-8a6d-b65b7ea67b7b,510300.SH,卖出
52,EVENT_QUEUE,2022-01-28 10:34:55,2021-02-04 15:00:00,Bar,Bar,2021-02-04 15:00:00,510300.SH,5.38,5.43,5.33,5.39,0.00,0.00
53,EVENT_QUEUE,2022-01-28 10:34:55,2021-02-03 15:59:03,Clear,NULL
54,EVENT_QUEUE,2022-01-28 10:34:55,2021-02-05 15:00:00,Bar,Bar,2021-02-05 15:00:00,510300.SH,5.40,5.46,5.39,5.40,0.00,0.00
55,EVENT_QUEUE,2022-01-28 10:34:55,2021-02-04 15:59:00,Clear,NULL
56,EVENT_QUEUE,2022-01-28 10:34:55,2021-02-08 15:00:00,Bar,Bar,2021-02-08 15:00:00,510300.SH,5.44,5.49,5.40,5.47,0.00,0.00
57,EVENT_QUEUE,2022-01-28 10:34:55,2021-02-05 15:59:00,Clear,NULL
58,EVENT_QUEUE,2022-01-28 10:34:55,2021-02-09 15:00:00,Bar,Bar,2021-02-09 15:00:00,510300.SH,5.49,5.61,5.46,5.60,0.00,0.00
59,EVENT_QUEUE,2022-01-28 10:34:55,2021-02-08 15:59:00,Clear,NULL
60,EVENT_QUEUE,2022-01-28 10:34:55,2021-02-09 15:00:00,Signal,Signal,2021-02-09 15:00:00,510300.SH,买入,开仓,5.60,100000.00,0.00,CNY,FOW,ec10cded-0eac-4629-abb0-cb61bd5fc07c
61,EVENT_QUEUE,2022-01-28 10:34:55,2021-02-09 15:00:01,Order,Order,2021-02-09 15:00:00,ec10cded-0eac-4629-abb0-cb61bd5fc07c,510300.SH,买入,开仓,5.60,100000.00,TBF
62,EVENT_QUEUE,2022-01-28 10:34:55,2021-02-09 15:00:01,Fill,Fill,2021-02-09 15:00:01,ec10cded-0eac-4629-abb0-cb61bd5fc07c,510300.SH,买入,开仓,5.60,100000.00,
63,EVENT_QUEUE,2022-01-28 10:34:55,2021-02-09 15:00:02,Cancel,Cancel,2021-02-09 15:00:02,ec10cded-0eac-4629-abb0-cb61bd5fc07c,510300.SH,买入
64,EVENT_QUEUE,2022-01-28 10:34:55,2021-02-09 15:00:02,Cancel,Cancel,2021-02-09 15:00:02,ec10cded-0eac-4629-abb0-cb61bd5fc07c,510300.SH,卖出
65,EVENT_QUEUE,2022-01-28 10:34:55,2021-02-10 15:00:00,Bar,Bar,2021-02-10 15:00:00,510300.SH,5.62,5.74,5.61,5.72,0.00,0.00
66,EVENT_QUEUE,2022-01-28 10:34:55,2021-02-09 15:59:02,Clear,NULL
67,EVENT_QUEUE,2022-01-28 10:34:55,2021-02-18 15:00:00,Bar,Bar,2021-02-18 15:00:00,510300.SH,5.83,5.84,5.66,5.68,0.00,0.00
68,EVENT_QUEUE,2022-01-28 10:34:55,2021-02-10 15:59:00,Clear,NULL
69,EVENT_QUEUE,2022-01-28 10:34:55,2021-02-19 15:00:00,Bar,Bar,2021-02-19 15:00:00,510300.SH,5.65,5.71,5.58,5.71,0.00,0.00
70,EVENT_QUEUE,2022-01-28 10:34:55,2021-02-18 15:59:00,Clear,NULL
71,EVENT_QUEUE,2022-01-28 10:34:55,2021-02-22 15:00:00,Bar,Bar,2021-02-22 15:00:00,510300.SH,5.70,5.70,5.50,5.50,0.00,0.00
72,EVENT_QUEUE,2022-01-28 10:34:55,2021-02-19 15:59:00,Clear,NULL
73,EVENT_QUEUE,2022-01-28 10:34:55,2021-02-23 15:00:00,Bar,Bar,2021-02-23 15:00:00,510300.SH,5.46,5.55,5.46,5.49,0.00,0.00
74,EVENT_QUEUE,2022-01-28 10:34:55,2021-02-22 15:59:00,Clear,NULL
75,EVENT_QUEUE,2022-01-28 10:34:55,2021-02-24 15:00:00,Bar,Bar,2021-02-24 15:00:00,510300.SH,5.50,5.51,5.29,5.34,0.00,0.00
76,EVENT_QUEUE,2022-01-28 10:34:55,2021-02-23 15:59:00,Clear,NULL
77,EVENT_QUEUE,2022-01-28 10:34:55,2021-02-25 15:00:00,Bar,Bar,2021-02-25 15:00:00,510300.SH,5.40,5.44,5.36,5.39,0.00,0.00
78,EVENT_QUEUE,2022-01-28 10:34:55,2021-02-24 15:59:00,Clear,NULL
79,EVENT_QUEUE,2022-01-28 10:34:55,2021-02-26 15:00:00,Bar,Bar,2021-02-26 15:00:00,510300.SH,5.31,5.34,5.24,5.25,0.00,0.00
80,EVENT_QUEUE,2022-01-28 10:34:55,2021-02-25 15:59:00,Clear,NULL
81,EVENT_QUEUE,2022-01-28 10:34:55,2021-03-01 15:00:00,Bar,Bar,2021-03-01 15:00:00,510300.SH,5.30,5.34,5.27,5.33,0.00,0.00
82,EVENT_QUEUE,2022-01-28 10:34:55,2021-02-26 15:59:00,Clear,NULL
83,EVENT_QUEUE,2022-01-28 10:34:55,2021-03-01 15:00:00,Signal,Signal,2021-03-01 15:00:00,510300.SH,卖出,平仓,5.33,100000.00,0.00,CNY,FOW,a0afe283-b8ce-45c3-8172-8175552249cf
84,EVENT_QUEUE,2022-01-28 10:34:55,2021-03-01 15:00:01,Order,Order,2021-03-01 15:00:01,a0afe283-b8ce-45c3-8172-8175552249cf,510300.SH,卖出,平仓,5.33,100000.00,TBF
85,EVENT_QUEUE,2022-01-28 10:34:55,2021-03-01 15:00:02,Fill,Fill,2021-03-01 15:00:02,a0afe283-b8ce-45c3-8172-8175552249cf,510300.SH,卖出,平仓,5.33,100000.00,
86,EVENT_QUEUE,2022-01-28 10:34:55,2021-03-01 15:00:03,Cancel,Cancel,2021-03-01 15:00:03,a0afe283-b8ce-45c3-8172-8175552249cf,510300.SH,买入
87,EVENT_QUEUE,2022-01-28 10:34:55,2021-03-01 15:00:03,Cancel,Cancel,2021-03-01 15:00:03,a0afe283-b8ce-45c3-8172-8175552249cf,510300.SH,卖出
88,EVENT_QUEUE,2022-01-28 10:34:55,2021-03-02 15:00:00,Bar,Bar,2021-03-02 15:00:00,510300.SH,5.36,5.37,5.23,5.27,0.00,0.00
89,EVENT_QUEUE,2022-01-28 10:34:55,2021-03-01 15:59:03,Clear,NULL
90,EVENT_QUEUE,2022-01-28 10:34:55,2021-03-03 15:00:00,Bar,Bar,2021-03-03 15:00:00,510300.SH,5.25,5.37,5.23,5.37,0.00,0.00
91,EVENT_QUEUE,2022-01-28 10:34:55,2021-03-02 15:59:00,Clear,NULL
92,EVENT_QUEUE,2022-01-28 10:34:55,2021-03-04 15:00:00,Bar,Bar,2021-03-04 15:00:00,510300.SH,5.32,5.32,5.18,5.21,0.00,0.00
93,EVENT_QUEUE,2022-01-28 10:34:55,2021-03-03 15:59:00,Clear,NULL
94,EVENT_QUEUE,2022-01-28 10:34:55,2021-03-05 15:00:00,Bar,Bar,2021-03-05 15:00:00,510300.SH,5.12,5.23,5.10,5.19,0.00,0.00
95,EVENT_QUEUE,2022-01-28 10:34:55,2021-03-04 15:59:00,Clear,NULL
96,EVENT_QUEUE,2022-01-28 10:34:55,2021-03-08 15:00:00,Bar,Bar,2021-03-08 15:00:00,510300.SH,5.22,5.24,4.99,5.00,0.00,0.00
97,EVENT_QUEUE,2022-01-28 10:34:55,2021-03-05 15:59:00,Clear,NULL
98,EVENT_QUEUE,2022-01-28 10:34:55,2021-03-09 15:00:00,Bar,Bar,2021-03-09 15:00:00,510300.SH,5.00,5.02,4.85,4.90,0.00,0.00
99,EVENT_QUEUE,2022-01-28 10:34:55,2021-03-08 15:59:00,Clear,NULL
100,EVENT_QUEUE,2022-01-28 10:34:55,2021-03-10 15:00:00,Bar,Bar,2021-03-10 15:00:00,510300.SH,4.96,4.98,4.91,4.92,0.00,0.00
101,EVENT_QUEUE,2022-01-28 10:34:55,2021-03-09 15:59:00,Clear,NULL
102,EVENT_QUEUE,2022-01-28 10:34:55,2021-03-11 15:00:00,Bar,Bar,2021-03-11 15:00:00,510300.SH,4.95,5.05,4.94,5.05,0.00,0.00
103,EVENT_QUEUE,2022-01-28 10:34:55,2021-03-10 15:59:00,Clear,NULL
104,EVENT_QUEUE,2022-01-28 10:34:55,2021-03-12 15:00:00,Bar,Bar,2021-03-12 15:00:00,510300.SH,5.07,5.07,5.00,5.06,0.00,0.00
105,EVENT_QUEUE,2022-01-28 10:34:55,2021-03-11 15:59:00,Clear,NULL
106,EVENT_QUEUE,2022-01-28 10:34:55,2021-03-15 15:00:00,Bar,Bar,2021-03-15 15:00:00,510300.SH,5.04,5.04,4.92,4.96,0.00,0.00
107,EVENT_QUEUE,2022-01-28 10:34:55,2021-03-12 15:59:00,Clear,NULL
108,EVENT_QUEUE,2022-01-28 10:34:55,2021-03-16 15:00:00,Bar,Bar,2021-03-16 15:00:00,510300.SH,4.96,5.01,4.93,5.00,0.00,0.00
109,EVENT_QUEUE,2022-01-28 10:34:55,2021-03-15 15:59:00,Clear,NULL
110,EVENT_QUEUE,2022-01-28 10:34:55,2021-03-17 15:00:00,Bar,Bar,2021-03-17 15:00:00,510300.SH,4.98,5.04,4.94,5.02,0.00,0.00
111,EVENT_QUEUE,2022-01-28 10:34:55,2021-03-16 15:59:00,Clear,NULL
112,EVENT_QUEUE,2022-01-28 10:34:55,2021-03-18 15:00:00,Bar,Bar,2021-03-18 15:00:00,510300.SH,5.03,5.08,5.03,5.06,0.00,0.00
113,EVENT_QUEUE,2022-01-28 10:34:55,2021-03-17 15:59:00,Clear,NULL
114,EVENT_QUEUE,2022-01-28 10:34:55,2021-03-19 15:00:00,Bar,Bar,2021-03-19 15:00:00,510300.SH,4.99,5.01,4.91,4.92,0.00,0.00
115,EVENT_QUEUE,2022-01-28 10:34:55,2021-03-18 15:59:00,Clear,NULL
116,EVENT_QUEUE,2022-01-28 10:34:55,2021-03-22 15:00:00,Bar,Bar,2021-03-22 15:00:00,510300.SH,4.92,4.99,4.91,4.98,0.00,0.00
117,EVENT_QUEUE,2022-01-28 10:34:55,2021-03-19 15:59:00,Clear,NULL
118,EVENT_QUEUE,2022-01-28 10:34:55,2021-03-23 15:00:00,Bar,Bar,2021-03-23 15:00:00,510300.SH,4.97,4.98,4.89,4.93,0.00,0.00
119,EVENT_QUEUE,2022-01-28 10:34:55,2021-03-22 15:59:00,Clear,NULL
120,EVENT_QUEUE,2022-01-28 10:34:55,2021-03-24 15:00:00,Bar,Bar,2021-03-24 15:00:00,510300.SH,4.91,4.95,4.84,4.86,0.00,0.00
121,EVENT_QUEUE,2022-01-28 10:34:55,2021-03-23 15:59:00,Clear,NULL
122,EVENT_QUEUE,2022-01-28 10:34:55,2021-03-25 15:00:00,Bar,Bar,2021-03-25 15:00:00,510300.SH,4.83,4.87,4.81,4.85,0.00,0.00
123,EVENT_QUEUE,2022-01-28 10:34:55,2021-03-24 15:59:00,Clear,NULL
124,EVENT_QUEUE,2022-01-28 10:34:55,2021-03-26 15:00:00,Bar,Bar,2021-03-26 15:00:00,510300.SH,4.87,4.98,4.87,4.96,0.00,0.00
125,EVENT_QUEUE,2022-01-28 10:34:55,2021-03-25 15:59:00,Clear,NULL
126,EVENT_QUEUE,2022-01-28 10:34:55,2021-03-29 15:00:00,Bar,Bar,2021-03-29 15:00:00,510300.SH,4.97,5.00,4.93,4.97,0.00,0.00
127,EVENT_QUEUE,2022-01-28 10:34:55,2021-03-26 15:59:00,Clear,NULL
128,EVENT_QUEUE,2022-01-28 10:34:55,2021-03-30 15:00:00,Bar,Bar,2021-03-30 15:00:00,510300.SH,4.96,5.03,4.95,5.01,0.00,0.00
129,EVENT_QUEUE,2022-01-28 10:34:55,2021-03-29 15:59:00,Clear,NULL
130,EVENT_QUEUE,2022-01-28 10:34:55,2021-03-31 15:00:00,Bar,Bar,2021-03-31 15:00:00,510300.SH,5.00,5.01,4.94,4.97,0.00,0.00
131,EVENT_QUEUE,2022-01-28 10:34:55,2021-03-30 15:59:00,Clear,NULL
132,EVENT_QUEUE,2022-01-28 10:34:55,2021-04-01 15:00:00,Bar,Bar,2021-04-01 15:00:00,510300.SH,4.98,5.04,4.97,5.03,0.00,0.00
133,EVENT_QUEUE,2022-01-28 10:34:55,2021-03-31 15:59:00,Clear,NULL
134,EVENT_QUEUE,2022-01-28 10:34:55,2021-04-02 15:00:00,Bar,Bar,2021-04-02 15:00:00,510300.SH,5.05,5.09,5.03,5.08,0.00,0.00
135,EVENT_QUEUE,2022-01-28 10:34:55,2021-04-01 15:59:00,Clear,NULL
136,EVENT_QUEUE,2022-01-28 10:34:55,2021-04-06 15:00:00,Bar,Bar,2021-04-06 15:00:00,510300.SH,5.09,5.10,5.04,5.05,0.00,0.00
137,EVENT_QUEUE,2022-01-28 10:34:55,2021-04-02 15:59:00,Clear,NULL
138,EVENT_QUEUE,2022-01-28 10:34:55,2021-04-06 15:00:00,Signal,Signal,2021-04-06 15:00:00,510300.SH,买入,开仓,5.05,100000.00,0.00,CNY,FOW,a1c89a95-79a4-477c-ad42-8db64ddd3b20
139,EVENT_QUEUE,2022-01-28 10:34:55,2021-04-06 15:00:01,Order,Order,2021-04-06 15:00:00,a1c89a95-79a4-477c-ad42-8db64ddd3b20,510300.SH,买入,开仓,5.05,100000.00,TBF
140,EVENT_QUEUE,2022-01-28 10:34:55,2021-04-06 15:00:01,Fill,Fill,2021-04-06 15:00:01,a1c89a95-79a4-477c-ad42-8db64ddd3b20,510300.SH,买入,开仓,5.05,100000.00,
141,EVENT_QUEUE,2022-01-28 10:34:55,2021-04-06 15:00:02,Cancel,Cancel,2021-04-06 15:00:02,a1c89a95-79a4-477c-ad42-8db64ddd3b20,510300.SH,买入
142,EVENT_QUEUE,2022-01-28 10:34:55,2021-04-06 15:00:02,Cancel,Cancel,2021-04-06 15:00:02,a1c89a95-79a4-477c-ad42-8db64ddd3b20,510300.SH,卖出
143,EVENT_QUEUE,2022-01-28 10:34:55,2021-04-07 15:00:00,Bar,Bar,2021-04-07 15:00:00,510300.SH,5.06,5.06,4.99,5.02,0.00,0.00
144,EVENT_QUEUE,2022-01-28 10:34:55,2021-04-06 15:59:02,Clear,NULL
145,EVENT_QUEUE,2022-01-28 10:34:55,2021-04-08 15:00:00,Bar,Bar,2021-04-08 15:00:00,510300.SH,5.00,5.05,4.98,5.03,0.00,0.00
146,EVENT_QUEUE,2022-01-28 10:34:55,2021-04-07 15:59:00,Clear,NULL
147,EVENT_QUEUE,2022-01-28 10:34:55,2021-04-09 15:00:00,Bar,Bar,2021-04-09 15:00:00,510300.SH,5.02,5.02,4.95,4.96,0.00,0.00
148,EVENT_QUEUE,2022-01-28 10:34:55,2021-04-08 15:59:00,Clear,NULL
149,EVENT_QUEUE,2022-01-28 10:34:55,2021-04-12 15:00:00,Bar,Bar,2021-04-12 15:00:00,510300.SH,4.95,4.97,4.86,4.88,0.00,0.00
150,EVENT_QUEUE,2022-01-28 10:34:55,2021-04-09 15:59:00,Clear,NULL
151,EVENT_QUEUE,2022-01-28 10:34:55,2021-04-13 15:00:00,Bar,Bar,2021-04-13 15:00:00,510300.SH,4.87,4.92,4.85,4.87,0.00,0.00
152,EVENT_QUEUE,2022-01-28 10:34:55,2021-04-12 15:59:00,Clear,NULL
153,EVENT_QUEUE,2022-01-28 10:34:55,2021-04-14 15:00:00,Bar,Bar,2021-04-14 15:00:00,510300.SH,4.88,4.91,4.87,4.90,0.00,0.00
154,EVENT_QUEUE,2022-01-28 10:34:55,2021-04-13 15:59:00,Clear,NULL
155,EVENT_QUEUE,2022-01-28 10:34:55,2021-04-14 15:00:00,Signal,Signal,2021-04-14 15:00:00,510300.SH,卖出,平仓,4.90,100000.00,0.00,CNY,FOW,22c42380-1a63-4a55-a044-ef11ca50d8e8
156,EVENT_QUEUE,2022-01-28 10:34:55,2021-04-14 15:00:01,Order,Order,2021-04-14 15:00:01,22c42380-1a63-4a55-a044-ef11ca50d8e8,510300.SH,卖出,平仓,4.90,100000.00,TBF
157,EVENT_QUEUE,2022-01-28 10:34:55,2021-04-14 15:00:02,Fill,Fill,2021-04-14 15:00:02,22c42380-1a63-4a55-a044-ef11ca50d8e8,510300.SH,卖出,平仓,4.90,100000.00,
158,EVENT_QUEUE,2022-01-28 10:34:55,2021-04-14 15:00:03,Cancel,Cancel,2021-04-14 15:00:03,22c42380-1a63-4a55-a044-ef11ca50d8e8,510300.SH,买入
159,EVENT_QUEUE,2022-01-28 10:34:55,2021-04-14 15:00:03,Cancel,Cancel,2021-04-14 15:00:03,22c42380-1a63-4a55-a044-ef11ca50d8e8,510300.SH,卖出
160,EVENT_QUEUE,2022-01-28 10:34:55,2021-04-15 15:00:00,Bar,Bar,2021-04-15 15:00:00,510300.SH,4.88,4.89,4.82,4.87,0.00,0.00
161,EVENT_QUEUE,2022-01-28 10:34:55,2021-04-14 15:59:03,Clear,NULL
162,EVENT_QUEUE,2022-01-28 10:34:55,2021-04-16 15:00:00,Bar,Bar,2021-04-16 15:00:00,510300.SH,4.88,4.90,4.84,4.89,0.00,0.00
163,EVENT_QUEUE,2022-01-28 10:34:55,2021-04-15 15:59:00,Clear,NULL
164,EVENT_QUEUE,2022-01-28 10:34:55,2021-04-19 15:00:00,Bar,Bar,2021-04-19 15:00:00,510300.SH,4.88,5.02,4.86,5.01,0.00,0.00
165,EVENT_QUEUE,2022-01-28 10:34:55,2021-04-16 15:59:00,Clear,NULL
166,EVENT_QUEUE,2022-01-28 10:34:55,2021-04-20 15:00:00,Bar,Bar,2021-04-20 15:00:00,510300.SH,4.99,5.04,4.98,5.00,0.00,0.00
167,EVENT_QUEUE,2022-01-28 10:34:55,2021-04-19 15:59:00,Clear,NULL
168,EVENT_QUEUE,2022-01-28 10:34:55,2021-04-21 15:00:00,Bar,Bar,2021-04-21 15:00:00,510300.SH,4.97,5.03,4.97,5.01,0.00,0.00
169,EVENT_QUEUE,2022-01-28 10:34:55,2021-04-20 15:59:00,Clear,NULL
170,EVENT_QUEUE,2022-01-28 10:34:55,2021-04-22 15:00:00,Bar,Bar,2021-04-22 15:00:00,510300.SH,5.02,5.04,4.99,5.01,0.00,0.00
171,EVENT_QUEUE,2022-01-28 10:34:55,2021-04-21 15:59:00,Clear,NULL
172,EVENT_QUEUE,2022-01-28 10:34:55,2021-04-23 15:00:00,Bar,Bar,2021-04-23 15:00:00,510300.SH,5.00,5.07,5.00,5.06,0.00,0.00
173,EVENT_QUEUE,2022-01-28 10:34:55,2021-04-22 15:59:00,Clear,NULL
174,EVENT_QUEUE,2022-01-28 10:34:55,2021-04-23 15:00:00,Signal,Signal,2021-04-23 15:00:00,510300.SH,买入,开仓,5.06,100000.00,0.00,CNY,FOW,e965d1de-5d4a-4cda-860e-e2d7fb1baca1
175,EVENT_QUEUE,2022-01-28 10:34:55,2021-04-23 15:00:01,Order,Order,2021-04-23 15:00:00,e965d1de-5d4a-4cda-860e-e2d7fb1baca1,510300.SH,买入,开仓,5.06,100000.00,TBF
176,EVENT_QUEUE,2022-01-28 10:34:55,2021-04-23 15:00:01,Fill,Fill,2021-04-23 15:00:01,e965d1de-5d4a-4cda-860e-e2d7fb1baca1,510300.SH,买入,开仓,5.06,100000.00,
177,EVENT_QUEUE,2022-01-28 10:34:55,2021-04-23 15:00:02,Cancel,Cancel,2021-04-23 15:00:02,e965d1de-5d4a-4cda-860e-e2d7fb1baca1,510300.SH,买入
178,EVENT_QUEUE,2022-01-28 10:34:55,2021-04-23 15:00:02,Cancel,Cancel,2021-04-23 15:00:02,e965d1de-5d4a-4cda-860e-e2d7fb1baca1,510300.SH,卖出
179,EVENT_QUEUE,2022-01-28 10:34:55,2021-04-26 15:00:00,Bar,Bar,2021-04-26 15:00:00,510300.SH,5.07,5.11,4.99,5.00,0.00,0.00
180,EVENT_QUEUE,2022-01-28 10:34:55,2021-04-23 15:59:02,Clear,NULL
181,EVENT_QUEUE,2022-01-28 10:34:55,2021-04-27 15:00:00,Bar,Bar,2021-04-27 15:00:00,510300.SH,5.00,5.02,4.98,5.01,0.00,0.00
182,EVENT_QUEUE,2022-01-28 10:34:55,2021-04-26 15:59:00,Clear,NULL
183,EVENT_QUEUE,2022-01-28 10:34:55,2021-04-28 15:00:00,Bar,Bar,2021-04-28 15:00:00,510300.SH,4.99,5.05,4.98,5.05,0.00,0.00
184,EVENT_QUEUE,2022-01-28 10:34:55,2021-04-27 15:59:00,Clear,NULL
185,EVENT_QUEUE,2022-01-28 10:34:55,2021-04-29 15:00:00,Bar,Bar,2021-04-29 15:00:00,510300.SH,5.05,5.10,5.04,5.09,0.00,0.00
186,EVENT_QUEUE,2022-01-28 10:34:55,2021-04-28 15:59:00,Clear,NULL
187,EVENT_QUEUE,2022-01-28 10:34:55,2021-04-30 15:00:00,Bar,Bar,2021-04-30 15:00:00,510300.SH,5.08,5.09,5.02,5.05,0.00,0.00
188,EVENT_QUEUE,2022-01-28 10:34:55,2021-04-29 15:59:00,Clear,NULL
189,EVENT_QUEUE,2022-01-28 10:34:55,2021-05-06 15:00:00,Bar,Bar,2021-05-06 15:00:00,510300.SH,5.03,5.06,4.96,4.98,0.00,0.00
190,EVENT_QUEUE,2022-01-28 10:34:55,2021-04-30 15:59:00,Clear,NULL
191,EVENT_QUEUE,2022-01-28 10:34:55,2021-05-07 15:00:00,Bar,Bar,2021-05-07 15:00:00,510300.SH,5.00,5.02,4.92,4.92,0.00,0.00
192,EVENT_QUEUE,2022-01-28 10:34:55,2021-05-06 15:59:00,Clear,NULL
193,EVENT_QUEUE,2022-01-28 10:34:55,2021-05-10 15:00:00,Bar,Bar,2021-05-10 15:00:00,510300.SH,4.93,4.95,4.88,4.92,0.00,0.00
194,EVENT_QUEUE,2022-01-28 10:34:55,2021-05-07 15:59:00,Clear,NULL
195,EVENT_QUEUE,2022-01-28 10:34:55,2021-05-11 15:00:00,Bar,Bar,2021-05-11 15:00:00,510300.SH,4.89,4.97,4.86,4.95,0.00,0.00
196,EVENT_QUEUE,2022-01-28 10:34:55,2021-05-10 15:59:00,Clear,NULL
197,EVENT_QUEUE,2022-01-28 10:34:55,2021-05-12 15:00:00,Bar,Bar,2021-05-12 15:00:00,510300.SH,4.94,4.99,4.92,4.98,0.00,0.00
198,EVENT_QUEUE,2022-01-28 10:34:55,2021-05-11 15:59:00,Clear,NULL
199,EVENT_QUEUE,2022-01-28 10:34:55,2021-05-13 15:00:00,Bar,Bar,2021-05-13 15:00:00,510300.SH,4.94,4.95,4.90,4.92,0.00,0.00
200,EVENT_QUEUE,2022-01-28 10:34:55,2021-05-12 15:59:00,Clear,NULL
201,EVENT_QUEUE,2022-01-28 10:34:55,2021-05-13 15:00:00,Signal,Signal,2021-05-13 15:00:00,510300.SH,卖出,平仓,4.92,100000.00,0.00,CNY,FOW,8ee1e003-97bf-4535-acaf-65711f2a620d
202,EVENT_QUEUE,2022-01-28 10:34:55,2021-05-13 15:00:01,Order,Order,2021-05-13 15:00:01,8ee1e003-97bf-4535-acaf-65711f2a620d,510300.SH,卖出,平仓,4.92,100000.00,TBF
203,EVENT_QUEUE,2022-01-28 10:34:55,2021-05-13 15:00:02,Fill,Fill,2021-05-13 15:00:02,8ee1e003-97bf-4535-acaf-65711f2a620d,510300.SH,卖出,平仓,4.92,100000.00,
204,EVENT_QUEUE,2022-01-28 10:34:55,2021-05-13 15:00:03,Cancel,Cancel,2021-05-13 15:00:03,8ee1e003-97bf-4535-acaf-65711f2a620d,510300.SH,买入
205,EVENT_QUEUE,2022-01-28 10:34:55,2021-05-13 15:00:03,Cancel,Cancel,2021-05-13 15:00:03,8ee1e003-97bf-4535-acaf-65711f2a620d,510300.SH,卖出
206,EVENT_QUEUE,2022-01-28 10:34:55,2021-05-14 15:00:00,Bar,Bar,2021-05-14 15:00:00,510300.SH,4.94,5.05,4.92,5.05,0.00,0.00
207,EVENT_QUEUE,2022-01-28 10:34:55,2021-05-13 15:59:03,Clear,NULL
208,EVENT_QUEUE,2022-01-28 10:34:55,2021-05-17 15:00:00,Bar,Bar,2021-05-17 15:00:00,510300.SH,5.04,5.13,5.04,5.11,0.00,0.00
209,EVENT_QUEUE,2022-01-28 10:34:55,2021-05-14 15:59:00,Clear,NULL
210,EVENT_QUEUE,2022-01-28 10:34:55,2021-05-18 15:00:00,Bar,Bar,2021-05-18 15:00:00,510300.SH,5.12,5.13,5.09,5.11,0.00,0.00
211,EVENT_QUEUE,2022-01-28 10:34:55,2021-05-17 15:59:00,Clear,NULL
212,EVENT_QUEUE,2022-01-28 10:34:55,2021-05-18 15:00:00,Signal,Signal,2021-05-18 15:00:00,510300.SH,买入,开仓,5.11,100000.00,0.00,CNY,FOW,1387c4d0-b94d-49e9-b998-876105a6216d
213,EVENT_QUEUE,2022-01-28 10:34:55,2021-05-18 15:00:01,Order,Order,2021-05-18 15:00:00,1387c4d0-b94d-49e9-b998-876105a6216d,510300.SH,买入,开仓,5.11,100000.00,TBF
214,EVENT_QUEUE,2022-01-28 10:34:55,2021-05-18 15:00:01,Fill,Fill,2021-05-18 15:00:01,1387c4d0-b94d-49e9-b998-876105a6216d,510300.SH,买入,开仓,5.11,100000.00,
215,EVENT_QUEUE,2022-01-28 10:34:55,2021-05-18 15:00:02,Cancel,Cancel,2021-05-18 15:00:02,1387c4d0-b94d-49e9-b998-876105a6216d,510300.SH,买入
216,EVENT_QUEUE,2022-01-28 10:34:55,2021-05-18 15:00:02,Cancel,Cancel,2021-05-18 15:00:02,1387c4d0-b94d-49e9-b998-876105a6216d,510300.SH,卖出
217,EVENT_QUEUE,2022-01-28 10:34:55,2021-05-19 15:00:00,Bar,Bar,2021-05-19 15:00:00,510300.SH,5.10,5.12,5.07,5.10,0.00,0.00
218,EVENT_QUEUE,2022-01-28 10:34:55,2021-05-18 15:59:02,Clear,NULL
219,EVENT_QUEUE,2022-01-28 10:34:55,2021-05-20 15:00:00,Bar,Bar,2021-05-20 15:00:00,510300.SH,5.09,5.13,5.07,5.11,0.00,0.00
220,EVENT_QUEUE,2022-01-28 10:34:55,2021-05-19 15:59:00,Clear,NULL
221,EVENT_QUEUE,2022-01-28 10:34:55,2021-05-21 15:00:00,Bar,Bar,2021-05-21 15:00:00,510300.SH,5.12,5.15,5.04,5.06,0.00,0.00
222,EVENT_QUEUE,2022-01-28 10:34:55,2021-05-20 15:59:00,Clear,NULL
223,EVENT_QUEUE,2022-01-28 10:34:55,2021-05-24 15:00:00,Bar,Bar,2021-05-24 15:00:00,510300.SH,5.06,5.08,5.02,5.08,0.00,0.00
224,EVENT_QUEUE,2022-01-28 10:34:55,2021-05-21 15:59:00,Clear,NULL
225,EVENT_QUEUE,2022-01-28 10:34:55,2021-05-25 15:00:00,Bar,Bar,2021-05-25 15:00:00,510300.SH,5.08,5.26,5.08,5.25,0.00,0.00
226,EVENT_QUEUE,2022-01-28 10:34:55,2021-05-24 15:59:00,Clear,NULL
227,EVENT_QUEUE,2022-01-28 10:34:55,2021-05-26 15:00:00,Bar,Bar,2021-05-26 15:00:00,510300.SH,5.25,5.27,5.23,5.25,0.00,0.00
228,EVENT_QUEUE,2022-01-28 10:34:55,2021-05-25 15:59:00,Clear,NULL
229,EVENT_QUEUE,2022-01-28 10:34:55,2021-05-27 15:00:00,Bar,Bar,2021-05-27 15:00:00,510300.SH,5.24,5.31,5.21,5.26,0.00,0.00
230,EVENT_QUEUE,2022-01-28 10:34:55,2021-05-26 15:59:00,Clear,NULL
231,EVENT_QUEUE,2022-01-28 10:34:55,2021-05-28 15:00:00,Bar,Bar,2021-05-28 15:00:00,510300.SH,5.26,5.29,5.22,5.25,0.00,0.00
232,EVENT_QUEUE,2022-01-28 10:34:55,2021-05-27 15:59:00,Clear,NULL
233,EVENT_QUEUE,2022-01-28 10:34:55,2021-05-31 15:00:00,Bar,Bar,2021-05-31 15:00:00,510300.SH,5.25,5.26,5.21,5.26,0.00,0.00
234,EVENT_QUEUE,2022-01-28 10:34:55,2021-05-28 15:59:00,Clear,NULL
235,EVENT_QUEUE,2022-01-28 10:34:55,2021-06-01 15:00:00,Bar,Bar,2021-06-01 15:00:00,510300.SH,5.25,5.27,5.19,5.26,0.00,0.00
236,EVENT_QUEUE,2022-01-28 10:34:55,2021-05-31 15:59:00,Clear,NULL
237,EVENT_QUEUE,2022-01-28 10:34:55,2021-06-02 15:00:00,Bar,Bar,2021-06-02 15:00:00,510300.SH,5.27,5.27,5.19,5.22,0.00,0.00
238,EVENT_QUEUE,2022-01-28 10:34:55,2021-06-01 15:59:00,Clear,NULL
239,EVENT_QUEUE,2022-01-28 10:34:55,2021-06-03 15:00:00,Bar,Bar,2021-06-03 15:00:00,510300.SH,5.22,5.24,5.18,5.18,0.00,0.00
240,EVENT_QUEUE,2022-01-28 10:34:55,2021-06-02 15:59:00,Clear,NULL
241,EVENT_QUEUE,2022-01-28 10:34:55,2021-06-04 15:00:00,Bar,Bar,2021-06-04 15:00:00,510300.SH,5.17,5.27,5.15,5.21,0.00,0.00
242,EVENT_QUEUE,2022-01-28 10:34:55,2021-06-03 15:59:00,Clear,NULL
243,EVENT_QUEUE,2022-01-28 10:34:55,2021-06-07 15:00:00,Bar,Bar,2021-06-07 15:00:00,510300.SH,5.21,5.22,5.17,5.21,0.00,0.00
244,EVENT_QUEUE,2022-01-28 10:34:55,2021-06-04 15:59:00,Clear,NULL
245,EVENT_QUEUE,2022-01-28 10:34:55,2021-06-08 15:00:00,Bar,Bar,2021-06-08 15:00:00,510300.SH,5.21,5.26,5.13,5.17,0.00,0.00
246,EVENT_QUEUE,2022-01-28 10:34:55,2021-06-07 15:59:00,Clear,NULL
247,EVENT_QUEUE,2022-01-28 10:34:55,2021-06-09 15:00:00,Bar,Bar,2021-06-09 15:00:00,510300.SH,5.15,5.19,5.15,5.17,0.00,0.00
248,EVENT_QUEUE,2022-01-28 10:34:55,2021-06-08 15:59:00,Clear,NULL
249,EVENT_QUEUE,2022-01-28 10:34:55,2021-06-10 15:00:00,Bar,Bar,2021-06-10 15:00:00,510300.SH,5.17,5.24,5.17,5.21,0.00,0.00
250,EVENT_QUEUE,2022-01-28 10:34:55,2021-06-09 15:59:00,Clear,NULL
251,EVENT_QUEUE,2022-01-28 10:34:55,2021-06-11 15:00:00,Bar,Bar,2021-06-11 15:00:00,510300.SH,5.21,5.23,5.16,5.16,0.00,0.00
252,EVENT_QUEUE,2022-01-28 10:34:55,2021-06-10 15:59:00,Clear,NULL
253,EVENT_QUEUE,2022-01-28 10:34:55,2021-06-15 15:00:00,Bar,Bar,2021-06-15 15:00:00,510300.SH,5.16,5.17,5.07,5.10,0.00,0.00
254,EVENT_QUEUE,2022-01-28 10:34:55,2021-06-11 15:59:00,Clear,NULL
255,EVENT_QUEUE,2022-01-28 10:34:55,2021-06-16 15:00:00,Bar,Bar,2021-06-16 15:00:00,510300.SH,5.10,5.10,5.02,5.03,0.00,0.00
256,EVENT_QUEUE,2022-01-28 10:34:55,2021-06-15 15:59:00,Clear,NULL
257,EVENT_QUEUE,2022-01-28 10:34:55,2021-06-16 15:00:00,Signal,Signal,2021-06-16 15:00:00,510300.SH,卖出,平仓,5.03,100000.00,0.00,CNY,FOW,e0aa7cdf-d385-4480-be53-3a4a1a4cb335
258,EVENT_QUEUE,2022-01-28 10:34:55,2021-06-16 15:00:01,Order,Order,2021-06-16 15:00:01,e0aa7cdf-d385-4480-be53-3a4a1a4cb335,510300.SH,卖出,平仓,5.03,100000.00,TBF
259,EVENT_QUEUE,2022-01-28 10:34:55,2021-06-16 15:00:02,Fill,Fill,2021-06-16 15:00:02,e0aa7cdf-d385-4480-be53-3a4a1a4cb335,510300.SH,卖出,平仓,5.03,100000.00,
260,EVENT_QUEUE,2022-01-28 10:34:55,2021-06-16 15:00:03,Cancel,Cancel,2021-06-16 15:00:03,e0aa7cdf-d385-4480-be53-3a4a1a4cb335,510300.SH,买入
261,EVENT_QUEUE,2022-01-28 10:34:55,2021-06-16 15:00:03,Cancel,Cancel,2021-06-16 15:00:03,e0aa7cdf-d385-4480-be53-3a4a1a4cb335,510300.SH,卖出
262,EVENT_QUEUE,2022-01-28 10:34:55,2021-06-17 15:00:00,Bar,Bar,2021-06-17 15:00:00,510300.SH,5.02,5.06,5.02,5.04,0.00,0.00
263,EVENT_QUEUE,2022-01-28 10:34:55,2021-06-16 15:59:03,Clear,NULL
264,EVENT_QUEUE,2022-01-28 10:34:55,2021-06-18 15:00:00,Bar,Bar,2021-06-18 15:00:00,510300.SH,5.04,5.08,5.01,5.05,0.00,0.00
265,EVENT_QUEUE,2022-01-28 10:34:55,2021-06-17 15:59:00,Clear,NULL
266,EVENT_QUEUE,2022-01-28 10:34:55,2021-06-21 15:00:00,Bar,Bar,2021-06-21 15:00:00,510300.SH,5.03,5.08,5.01,5.04,0.00,0.00
267,EVENT_QUEUE,2022-01-28 10:34:55,2021-06-18 15:59:00,Clear,NULL
268,EVENT_QUEUE,2022-01-28 10:34:55,2021-06-22 15:00:00,Bar,Bar,2021-06-22 15:00:00,510300.SH,5.06,5.07,5.03,5.07,0.00,0.00
269,EVENT_QUEUE,2022-01-28 10:34:55,2021-06-21 15:59:00,Clear,NULL
270,EVENT_QUEUE,2022-01-28 10:34:55,2021-06-23 15:00:00,Bar,Bar,2021-06-23 15:00:00,510300.SH,5.07,5.12,5.06,5.10,0.00,0.00
271,EVENT_QUEUE,2022-01-28 10:34:55,2021-06-22 15:59:00,Clear,NULL
272,EVENT_QUEUE,2022-01-28 10:34:55,2021-06-24 15:00:00,Bar,Bar,2021-06-24 15:00:00,510300.SH,5.10,5.11,5.08,5.11,0.00,0.00
273,EVENT_QUEUE,2022-01-28 10:34:55,2021-06-23 15:59:00,Clear,NULL
274,EVENT_QUEUE,2022-01-28 10:34:55,2021-06-25 15:00:00,Bar,Bar,2021-06-25 15:00:00,510300.SH,5.11,5.21,5.11,5.19,0.00,0.00
275,EVENT_QUEUE,2022-01-28 10:34:55,2021-06-24 15:59:00,Clear,NULL
276,EVENT_QUEUE,2022-01-28 10:34:55,2021-06-28 15:00:00,Bar,Bar,2021-06-28 15:00:00,510300.SH,5.20,5.21,5.18,5.20,0.00,0.00
277,EVENT_QUEUE,2022-01-28 10:34:55,2021-06-25 15:59:00,Clear,NULL
278,EVENT_QUEUE,2022-01-28 10:34:55,2021-06-29 15:00:00,Bar,Bar,2021-06-29 15:00:00,510300.SH,5.20,5.20,5.13,5.14,0.00,0.00
279,EVENT_QUEUE,2022-01-28 10:34:55,2021-06-28 15:59:00,Clear,NULL
280,EVENT_QUEUE,2022-01-28 10:34:55,2021-06-30 15:00:00,Bar,Bar,2021-06-30 15:00:00,510300.SH,5.15,5.19,5.14,5.18,0.00,0.00
281,EVENT_QUEUE,2022-01-28 10:34:55,2021-06-29 15:59:00,Clear,NULL
282,EVENT_QUEUE,2022-01-28 10:34:55,2021-07-01 15:00:00,Bar,Bar,2021-07-01 15:00:00,510300.SH,5.19,5.20,5.14,5.17,0.00,0.00
283,EVENT_QUEUE,2022-01-28 10:34:55,2021-06-30 15:59:00,Clear,NULL
284,EVENT_QUEUE,2022-01-28 10:34:55,2021-07-01 15:00:00,Signal,Signal,2021-07-01 15:00:00,510300.SH,买入,开仓,5.17,100000.00,0.00,CNY,FOW,3db7f4a5-dec8-466b-8e3c-a96aacd67cf5
285,EVENT_QUEUE,2022-01-28 10:34:55,2021-07-01 15:00:01,Order,Order,2021-07-01 15:00:00,3db7f4a5-dec8-466b-8e3c-a96aacd67cf5,510300.SH,买入,开仓,5.17,100000.00,TBF
286,EVENT_QUEUE,2022-01-28 10:34:55,2021-07-01 15:00:01,Fill,Fill,2021-07-01 15:00:01,3db7f4a5-dec8-466b-8e3c-a96aacd67cf5,510300.SH,买入,开仓,5.17,100000.00,
287,EVENT_QUEUE,2022-01-28 10:34:55,2021-07-01 15:00:02,Cancel,Cancel,2021-07-01 15:00:02,3db7f4a5-dec8-466b-8e3c-a96aacd67cf5,510300.SH,买入
288,EVENT_QUEUE,2022-01-28 10:34:55,2021-07-01 15:00:02,Cancel,Cancel,2021-07-01 15:00:02,3db7f4a5-dec8-466b-8e3c-a96aacd67cf5,510300.SH,卖出
289,EVENT_QUEUE,2022-01-28 10:34:55,2021-07-02 15:00:00,Bar,Bar,2021-07-02 15:00:00,510300.SH,5.14,5.14,5.03,5.03,0.00,0.00
290,EVENT_QUEUE,2022-01-28 10:34:55,2021-07-01 15:59:02,Clear,NULL
291,EVENT_QUEUE,2022-01-28 10:34:55,2021-07-05 15:00:00,Bar,Bar,2021-07-05 15:00:00,510300.SH,5.03,5.05,5.01,5.04,0.00,0.00
292,EVENT_QUEUE,2022-01-28 10:34:55,2021-07-02 15:59:00,Clear,NULL
293,EVENT_QUEUE,2022-01-28 10:34:55,2021-07-06 15:00:00,Bar,Bar,2021-07-06 15:00:00,510300.SH,5.04,5.05,4.99,5.05,0.00,0.00
294,EVENT_QUEUE,2022-01-28 10:34:55,2021-07-05 15:59:00,Clear,NULL
295,EVENT_QUEUE,2022-01-28 10:34:55,2021-07-06 15:00:00,Signal,Signal,2021-07-06 15:00:00,510300.SH,卖出,平仓,5.05,100000.00,0.00,CNY,FOW,5958b8b3-52aa-4083-a7b5-40a4ede32b96
296,EVENT_QUEUE,2022-01-28 10:34:55,2021-07-06 15:00:01,Order,Order,2021-07-06 15:00:01,5958b8b3-52aa-4083-a7b5-40a4ede32b96,510300.SH,卖出,平仓,5.05,100000.00,TBF
297,EVENT_QUEUE,2022-01-28 10:34:55,2021-07-06 15:00:02,Fill,Fill,2021-07-06 15:00:02,5958b8b3-52aa-4083-a7b5-40a4ede32b96,510300.SH,卖出,平仓,5.05,100000.00,
298,EVENT_QUEUE,2022-01-28 10:34:55,2021-07-06 15:00:03,Cancel,Cancel,2021-07-06 15:00:03,5958b8b3-52aa-4083-a7b5-40a4ede32b96,510300.SH,买入
299,EVENT_QUEUE,2022-01-28 10:34:55,2021-07-06 15:00:03,Cancel,Cancel,2021-07-06 15:00:03,5958b8b3-52aa-4083-a7b5-40a4ede32b96,510300.SH,卖出
300,EVENT_QUEUE,2022-01-28 10:34:55,2021-07-07 15:00:00,Bar,Bar,2021-07-07 15:00:00,510300.SH,5.03,5.12,5.02,5.10,0.00,0.00
301,EVENT_QUEUE,2022-01-28 10:34:55,2021-07-06 15:59:03,Clear,NULL
302,EVENT_QUEUE,2022-01-28 10:34:55,2021-07-08 15:00:00,Bar,Bar,2021-07-08 15:00:00,510300.SH,5.11,5.12,5.04,5.06,0.00,0.00
303,EVENT_QUEUE,2022-01-28 10:34:55,2021-07-07 15:59:00,Clear,NULL
304,EVENT_QUEUE,2022-01-28 10:34:55,2021-07-09 15:00:00,Bar,Bar,2021-07-09 15:00:00,510300.SH,5.04,5.05,4.98,5.03,0.00,0.00
305,EVENT_QUEUE,2022-01-28 10:34:55,2021-07-08 15:59:00,Clear,NULL
306,EVENT_QUEUE,2022-01-28 10:34:55,2021-07-12 15:00:00,Bar,Bar,2021-07-12 15:00:00,510300.SH,5.07,5.13,5.04,5.10,0.00,0.00
307,EVENT_QUEUE,2022-01-28 10:34:55,2021-07-09 15:59:00,Clear,NULL
308,EVENT_QUEUE,2022-01-28 10:34:55,2021-07-13 15:00:00,Bar,Bar,2021-07-13 15:00:00,510300.SH,5.10,5.13,5.09,5.12,0.00,0.00
309,EVENT_QUEUE,2022-01-28 10:34:55,2021-07-12 15:59:00,Clear,NULL
310,EVENT_QUEUE,2022-01-28 10:34:55,2021-07-14 15:00:00,Bar,Bar,2021-07-14 15:00:00,510300.SH,5.11,5.11,5.05,5.06,0.00,0.00
311,EVENT_QUEUE,2022-01-28 10:34:55,2021-07-13 15:59:00,Clear,NULL
312,EVENT_QUEUE,2022-01-28 10:34:55,2021-07-15 15:00:00,Bar,Bar,2021-07-15 15:00:00,510300.SH,5.05,5.13,5.05,5.13,0.00,0.00
313,EVENT_QUEUE,2022-01-28 10:34:55,2021-07-14 15:59:00,Clear,NULL
314,EVENT_QUEUE,2022-01-28 10:34:55,2021-07-16 15:00:00,Bar,Bar,2021-07-16 15:00:00,510300.SH,5.12,5.13,5.07,5.08,0.00,0.00
315,EVENT_QUEUE,2022-01-28 10:34:55,2021-07-15 15:59:00,Clear,NULL
316,EVENT_QUEUE,2022-01-28 10:34:55,2021-07-19 15:00:00,Bar,Bar,2021-07-19 15:00:00,510300.SH,5.07,5.11,5.03,5.10,0.00,0.00
317,EVENT_QUEUE,2022-01-28 10:34:55,2021-07-16 15:59:00,Clear,NULL
318,EVENT_QUEUE,2022-01-28 10:34:55,2021-07-20 15:00:00,Bar,Bar,2021-07-20 15:00:00,510300.SH,5.06,5.10,5.05,5.09,0.00,0.00
319,EVENT_QUEUE,2022-01-28 10:34:55,2021-07-19 15:59:00,Clear,NULL
320,EVENT_QUEUE,2022-01-28 10:34:55,2021-07-21 15:00:00,Bar,Bar,2021-07-21 15:00:00,510300.SH,5.10,5.14,5.09,5.12,0.00,0.00
321,EVENT_QUEUE,2022-01-28 10:34:55,2021-07-20 15:59:00,Clear,NULL
322,EVENT_QUEUE,2022-01-28 10:34:55,2021-07-22 15:00:00,Bar,Bar,2021-07-22 15:00:00,510300.SH,5.13,5.15,5.12,5.13,0.00,0.00
323,EVENT_QUEUE,2022-01-28 10:34:55,2021-07-21 15:59:00,Clear,NULL
324,EVENT_QUEUE,2022-01-28 10:34:55,2021-07-23 15:00:00,Bar,Bar,2021-07-23 15:00:00,510300.SH,5.13,5.13,5.07,5.08,0.00,0.00
325,EVENT_QUEUE,2022-01-28 10:34:55,2021-07-22 15:59:00,Clear,NULL
326,EVENT_QUEUE,2022-01-28 10:34:55,2021-07-26 15:00:00,Bar,Bar,2021-07-26 15:00:00,510300.SH,5.06,5.06,4.85,4.91,0.00,0.00
327,EVENT_QUEUE,2022-01-28 10:34:55,2021-07-23 15:59:00,Clear,NULL
328,EVENT_QUEUE,2022-01-28 10:34:55,2021-07-27 15:00:00,Bar,Bar,2021-07-27 15:00:00,510300.SH,4.90,4.92,4.73,4.74,0.00,0.00
329,EVENT_QUEUE,2022-01-28 10:34:55,2021-07-26 15:59:00,Clear,NULL
330,EVENT_QUEUE,2022-01-28 10:34:55,2021-07-28 15:00:00,Bar,Bar,2021-07-28 15:00:00,510300.SH,4.73,4.77,4.66,4.74,0.00,0.00
331,EVENT_QUEUE,2022-01-28 10:34:55,2021-07-27 15:59:00,Clear,NULL
332,EVENT_QUEUE,2022-01-28 10:34:55,2021-07-29 15:00:00,Bar,Bar,2021-07-29 15:00:00,510300.SH,4.82,4.84,4.78,4.83,0.00,0.00
333,EVENT_QUEUE,2022-01-28 10:34:55,2021-07-28 15:59:00,Clear,NULL
334,EVENT_QUEUE,2022-01-28 10:34:55,2021-07-30 15:00:00,Bar,Bar,2021-07-30 15:00:00,510300.SH,4.81,4.81,4.75,4.80,0.00,0.00
335,EVENT_QUEUE,2022-01-28 10:34:55,2021-07-29 15:59:00,Clear,NULL
336,EVENT_QUEUE,2022-01-28 10:34:55,2021-08-02 15:00:00,Bar,Bar,2021-08-02 15:00:00,510300.SH,4.78,4.93,4.75,4.92,0.00,0.00
337,EVENT_QUEUE,2022-01-28 10:34:55,2021-07-30 15:59:00,Clear,NULL
338,EVENT_QUEUE,2022-01-28 10:34:55,2021-08-03 15:00:00,Bar,Bar,2021-08-03 15:00:00,510300.SH,4.89,4.94,4.88,4.92,0.00,0.00
339,EVENT_QUEUE,2022-01-28 10:34:55,2021-08-02 15:59:00,Clear,NULL
340,EVENT_QUEUE,2022-01-28 10:34:55,2021-08-04 15:00:00,Bar,Bar,2021-08-04 15:00:00,510300.SH,4.91,4.96,4.91,4.96,0.00,0.00
341,EVENT_QUEUE,2022-01-28 10:34:55,2021-08-03 15:59:00,Clear,NULL
342,EVENT_QUEUE,2022-01-28 10:34:55,2021-08-05 15:00:00,Bar,Bar,2021-08-05 15:00:00,510300.SH,4.93,4.98,4.90,4.93,0.00,0.00
343,EVENT_QUEUE,2022-01-28 10:34:55,2021-08-04 15:59:00,Clear,NULL
344,EVENT_QUEUE,2022-01-28 10:34:55,2021-08-06 15:00:00,Bar,Bar,2021-08-06 15:00:00,510300.SH,4.92,4.93,4.89,4.92,0.00,0.00
345,EVENT_QUEUE,2022-01-28 10:34:55,2021-08-05 15:59:00,Clear,NULL
346,EVENT_QUEUE,2022-01-28 10:34:55,2021-08-09 15:00:00,Bar,Bar,2021-08-09 15:00:00,510300.SH,4.89,4.99,4.88,4.97,0.00,0.00
347,EVENT_QUEUE,2022-01-28 10:34:55,2021-08-06 15:59:00,Clear,NULL
348,EVENT_QUEUE,2022-01-28 10:34:55,2021-08-10 15:00:00,Bar,Bar,2021-08-10 15:00:00,510300.SH,4.96,5.03,4.93,5.03,0.00,0.00
349,EVENT_QUEUE,2022-01-28 10:34:55,2021-08-09 15:59:00,Clear,NULL
350,EVENT_QUEUE,2022-01-28 10:34:55,2021-08-11 15:00:00,Bar,Bar,2021-08-11 15:00:00,510300.SH,5.02,5.05,5.00,5.00,0.00,0.00
351,EVENT_QUEUE,2022-01-28 10:34:55,2021-08-10 15:59:00,Clear,NULL
352,EVENT_QUEUE,2022-01-28 10:34:55,2021-08-12 15:00:00,Bar,Bar,2021-08-12 15:00:00,510300.SH,4.98,5.00,4.96,4.97,0.00,0.00
353,EVENT_QUEUE,2022-01-28 10:34:55,2021-08-11 15:59:00,Clear,NULL
354,EVENT_QUEUE,2022-01-28 10:34:55,2021-08-13 15:00:00,Bar,Bar,2021-08-13 15:00:00,510300.SH,4.96,4.99,4.91,4.94,0.00,0.00
355,EVENT_QUEUE,2022-01-28 10:34:55,2021-08-12 15:59:00,Clear,NULL
356,EVENT_QUEUE,2022-01-28 10:34:55,2021-08-16 15:00:00,Bar,Bar,2021-08-16 15:00:00,510300.SH,4.94,4.97,4.92,4.94,0.00,0.00
357,EVENT_QUEUE,2022-01-28 10:34:55,2021-08-13 15:59:00,Clear,NULL
358,EVENT_QUEUE,2022-01-28 10:34:55,2021-08-17 15:00:00,Bar,Bar,2021-08-17 15:00:00,510300.SH,4.93,4.96,4.82,4.83,0.00,0.00
359,EVENT_QUEUE,2022-01-28 10:34:55,2021-08-16 15:59:00,Clear,NULL
360,EVENT_QUEUE,2022-01-28 10:34:55,2021-08-17 15:00:00,Signal,Signal,2021-08-17 15:00:00,510300.SH,买入,开仓,4.83,100000.00,0.00,CNY,FOW,93a04ff8-22cf-4cb9-b67a-7f74ca195c99
361,EVENT_QUEUE,2022-01-28 10:34:55,2021-08-17 15:00:01,Order,Order,2021-08-17 15:00:00,93a04ff8-22cf-4cb9-b67a-7f74ca195c99,510300.SH,买入,开仓,4.83,100000.00,TBF
362,EVENT_QUEUE,2022-01-28 10:34:55,2021-08-17 15:00:01,Fill,Fill,2021-08-17 15:00:01,93a04ff8-22cf-4cb9-b67a-7f74ca195c99,510300.SH,买入,开仓,4.83,100000.00,
363,EVENT_QUEUE,2022-01-28 10:34:55,2021-08-17 15:00:02,Cancel,Cancel,2021-08-17 15:00:02,93a04ff8-22cf-4cb9-b67a-7f74ca195c99,510300.SH,买入
364,EVENT_QUEUE,2022-01-28 10:34:55,2021-08-17 15:00:02,Cancel,Cancel,2021-08-17 15:00:02,93a04ff8-22cf-4cb9-b67a-7f74ca195c99,510300.SH,卖出
365,EVENT_QUEUE,2022-01-28 10:34:55,2021-08-18 15:00:00,Bar,Bar,2021-08-18 15:00:00,510300.SH,4.83,4.91,4.82,4.88,0.00,0.00
366,EVENT_QUEUE,2022-01-28 10:34:55,2021-08-17 15:59:02,Clear,NULL
367,EVENT_QUEUE,2022-01-28 10:34:55,2021-08-18 15:00:00,Signal,Signal,2021-08-18 15:00:00,510300.SH,卖出,平仓,4.88,100000.00,0.00,CNY,FOW,f4bb9d2d-1881-45e0-9bc2-9af8b15311f5
368,EVENT_QUEUE,2022-01-28 10:34:55,2021-08-18 15:00:01,Order,Order,2021-08-18 15:00:01,f4bb9d2d-1881-45e0-9bc2-9af8b15311f5,510300.SH,卖出,平仓,4.88,100000.00,TBF
369,EVENT_QUEUE,2022-01-28 10:34:55,2021-08-18 15:00:02,Fill,Fill,2021-08-18 15:00:02,f4bb9d2d-1881-45e0-9bc2-9af8b15311f5,510300.SH,卖出,平仓,4.88,100000.00,
370,EVENT_QUEUE,2022-01-28 10:34:55,2021-08-18 15:00:03,Cancel,Cancel,2021-08-18 15:00:03,f4bb9d2d-1881-45e0-9bc2-9af8b15311f5,510300.SH,买入
371,EVENT_QUEUE,2022-01-28 10:34:55,2021-08-18 15:00:03,Cancel,Cancel,2021-08-18 15:00:03,f4bb9d2d-1881-45e0-9bc2-9af8b15311f5,510300.SH,卖出
372,EVENT_QUEUE,2022-01-28 10:34:55,2021-08-19 15:00:00,Bar,Bar,2021-08-19 15:00:00,510300.SH,4.86,4.88,4.83,4.85,0.00,0.00
373,EVENT_QUEUE,2022-01-28 10:34:55,2021-08-18 15:59:03,Clear,NULL
374,EVENT_QUEUE,2022-01-28 10:34:55,2021-08-20 15:00:00,Bar,Bar,2021-08-20 15:00:00,510300.SH,4.84,4.84,4.71,4.76,0.00,0.00
375,EVENT_QUEUE,2022-01-28 10:34:55,2021-08-19 15:59:00,Clear,NULL
376,EVENT_QUEUE,2022-01-28 10:34:55,2021-08-23 15:00:00,Bar,Bar,2021-08-23 15:00:00,510300.SH,4.77,4.84,4.77,4.83,0.00,0.00
377,EVENT_QUEUE,2022-01-28 10:34:55,2021-08-20 15:59:00,Clear,NULL
378,EVENT_QUEUE,2022-01-28 10:34:55,2021-08-24 15:00:00,Bar,Bar,2021-08-24 15:00:00,510300.SH,4.83,4.90,4.83,4.88,0.00,0.00
379,EVENT_QUEUE,2022-01-28 10:34:55,2021-08-23 15:59:00,Clear,NULL
380,EVENT_QUEUE,2022-01-28 10:34:55,2021-08-25 15:00:00,Bar,Bar,2021-08-25 15:00:00,510300.SH,4.89,4.90,4.86,4.89,0.00,0.00
381,EVENT_QUEUE,2022-01-28 10:34:55,2021-08-24 15:59:00,Clear,NULL
382,EVENT_QUEUE,2022-01-28 10:34:55,2021-08-26 15:00:00,Bar,Bar,2021-08-26 15:00:00,510300.SH,4.89,4.89,4.80,4.81,0.00,0.00
383,EVENT_QUEUE,2022-01-28 10:34:55,2021-08-25 15:59:00,Clear,NULL
384,EVENT_QUEUE,2022-01-28 10:34:55,2021-08-27 15:00:00,Bar,Bar,2021-08-27 15:00:00,510300.SH,4.80,4.87,4.80,4.82,0.00,0.00
385,EVENT_QUEUE,2022-01-28 10:34:55,2021-08-26 15:59:00,Clear,NULL
386,EVENT_QUEUE,2022-01-28 10:34:55,2021-08-30 15:00:00,Bar,Bar,2021-08-30 15:00:00,510300.SH,4.84,4.85,4.78,4.81,0.00,0.00
387,EVENT_QUEUE,2022-01-28 10:34:55,2021-08-27 15:59:00,Clear,NULL
388,EVENT_QUEUE,2022-01-28 10:34:55,2021-08-31 15:00:00,Bar,Bar,2021-08-31 15:00:00,510300.SH,4.81,4.82,4.74,4.80,0.00,0.00
389,EVENT_QUEUE,2022-01-28 10:34:55,2021-08-30 15:59:00,Clear,NULL
390,EVENT_QUEUE,2022-01-28 10:34:55,2021-09-01 15:00:00,Bar,Bar,2021-09-01 15:00:00,510300.SH,4.81,4.91,4.77,4.87,0.00,0.00
391,EVENT_QUEUE,2022-01-28 10:34:55,2021-08-31 15:59:00,Clear,NULL
392,EVENT_QUEUE,2022-01-28 10:34:55,2021-09-02 15:00:00,Bar,Bar,2021-09-02 15:00:00,510300.SH,4.88,4.89,4.84,4.87,0.00,0.00
393,EVENT_QUEUE,2022-01-28 10:34:55,2021-09-01 15:59:00,Clear,NULL
394,EVENT_QUEUE,2022-01-28 10:34:55,2021-09-03 15:00:00,Bar,Bar,2021-09-03 15:00:00,510300.SH,4.87,4.89,4.83,4.84,0.00,0.00
395,EVENT_QUEUE,2022-01-28 10:34:55,2021-09-02 15:59:00,Clear,NULL
396,EVENT_QUEUE,2022-01-28 10:34:55,2021-09-06 15:00:00,Bar,Bar,2021-09-06 15:00:00,510300.SH,4.84,4.94,4.84,4.93,0.00,0.00
397,EVENT_QUEUE,2022-01-28 10:34:55,2021-09-03 15:59:00,Clear,NULL
398,EVENT_QUEUE,2022-01-28 10:34:55,2021-09-07 15:00:00,Bar,Bar,2021-09-07 15:00:00,510300.SH,4.92,5.01,4.91,4.99,0.00,0.00
399,EVENT_QUEUE,2022-01-28 10:34:55,2021-09-06 15:59:00,Clear,NULL
400,EVENT_QUEUE,2022-01-28 10:34:55,2021-09-08 15:00:00,Bar,Bar,2021-09-08 15:00:00,510300.SH,4.99,5.01,4.95,4.97,0.00,0.00
401,EVENT_QUEUE,2022-01-28 10:34:55,2021-09-07 15:59:00,Clear,NULL
402,EVENT_QUEUE,2022-01-28 10:34:55,2021-09-08 15:00:00,Signal,Signal,2021-09-08 15:00:00,510300.SH,买入,开仓,4.97,100000.00,0.00,CNY,FOW,425e5ee4-a9fb-4216-8d71-39e5a0bf4174
403,EVENT_QUEUE,2022-01-28 10:34:55,2021-09-08 15:00:01,Order,Order,2021-09-08 15:00:00,425e5ee4-a9fb-4216-8d71-39e5a0bf4174,510300.SH,买入,开仓,4.97,100000.00,TBF
404,EVENT_QUEUE,2022-01-28 10:34:55,2021-09-08 15:00:01,Fill,Fill,2021-09-08 15:00:01,425e5ee4-a9fb-4216-8d71-39e5a0bf4174,510300.SH,买入,开仓,4.97,100000.00,
405,EVENT_QUEUE,2022-01-28 10:34:55,2021-09-08 15:00:02,Cancel,Cancel,2021-09-08 15:00:02,425e5ee4-a9fb-4216-8d71-39e5a0bf4174,510300.SH,买入
406,EVENT_QUEUE,2022-01-28 10:34:55,2021-09-08 15:00:02,Cancel,Cancel,2021-09-08 15:00:02,425e5ee4-a9fb-4216-8d71-39e5a0bf4174,510300.SH,卖出
407,EVENT_QUEUE,2022-01-28 10:34:55,2021-09-09 15:00:00,Bar,Bar,2021-09-09 15:00:00,510300.SH,4.95,4.97,4.93,4.96,0.00,0.00
408,EVENT_QUEUE,2022-01-28 10:34:55,2021-09-08 15:59:02,Clear,NULL
409,EVENT_QUEUE,2022-01-28 10:34:55,2021-09-10 15:00:00,Bar,Bar,2021-09-10 15:00:00,510300.SH,4.96,5.05,4.96,5.01,0.00,0.00
410,EVENT_QUEUE,2022-01-28 10:34:55,2021-09-09 15:59:00,Clear,NULL
411,EVENT_QUEUE,2022-01-28 10:34:55,2021-09-13 15:00:00,Bar,Bar,2021-09-13 15:00:00,510300.SH,5.01,5.03,4.96,4.99,0.00,0.00
412,EVENT_QUEUE,2022-01-28 10:34:55,2021-09-10 15:59:00,Clear,NULL
413,EVENT_QUEUE,2022-01-28 10:34:55,2021-09-14 15:00:00,Bar,Bar,2021-09-14 15:00:00,510300.SH,4.99,5.00,4.90,4.92,0.00,0.00
414,EVENT_QUEUE,2022-01-28 10:34:55,2021-09-13 15:59:00,Clear,NULL
415,EVENT_QUEUE,2022-01-28 10:34:55,2021-09-15 15:00:00,Bar,Bar,2021-09-15 15:00:00,510300.SH,4.91,4.91,4.84,4.87,0.00,0.00
416,EVENT_QUEUE,2022-01-28 10:34:55,2021-09-14 15:59:00,Clear,NULL
417,EVENT_QUEUE,2022-01-28 10:34:55,2021-09-16 15:00:00,Bar,Bar,2021-09-16 15:00:00,510300.SH,4.87,4.88,4.81,4.81,0.00,0.00
418,EVENT_QUEUE,2022-01-28 10:34:55,2021-09-15 15:59:00,Clear,NULL
419,EVENT_QUEUE,2022-01-28 10:34:55,2021-09-17 15:00:00,Bar,Bar,2021-09-17 15:00:00,510300.SH,4.81,4.86,4.79,4.85,0.00,0.00
420,EVENT_QUEUE,2022-01-28 10:34:55,2021-09-16 15:59:00,Clear,NULL
421,EVENT_QUEUE,2022-01-28 10:34:55,2021-09-22 15:00:00,Bar,Bar,2021-09-22 15:00:00,510300.SH,4.79,4.84,4.78,4.82,0.00,0.00
422,EVENT_QUEUE,2022-01-28 10:34:55,2021-09-17 15:59:00,Clear,NULL
423,EVENT_QUEUE,2022-01-28 10:34:55,2021-09-23 15:00:00,Bar,Bar,2021-09-23 15:00:00,510300.SH,4.84,4.88,4.83,4.85,0.00,0.00
424,EVENT_QUEUE,2022-01-28 10:34:55,2021-09-22 15:59:00,Clear,NULL
425,EVENT_QUEUE,2022-01-28 10:34:55,2021-09-23 15:00:00,Signal,Signal,2021-09-23 15:00:00,510300.SH,卖出,平仓,4.85,100000.00,0.00,CNY,FOW,250e26e2-c3c4-4cf6-963d-24e4d6e067eb
426,EVENT_QUEUE,2022-01-28 10:34:55,2021-09-23 15:00:01,Order,Order,2021-09-23 15:00:01,250e26e2-c3c4-4cf6-963d-24e4d6e067eb,510300.SH,卖出,平仓,4.85,100000.00,TBF
427,EVENT_QUEUE,2022-01-28 10:34:55,2021-09-23 15:00:02,Fill,Fill,2021-09-23 15:00:02,250e26e2-c3c4-4cf6-963d-24e4d6e067eb,510300.SH,卖出,平仓,4.85,100000.00,
428,EVENT_QUEUE,2022-01-28 10:34:55,2021-09-23 15:00:03,Cancel,Cancel,2021-09-23 15:00:03,250e26e2-c3c4-4cf6-963d-24e4d6e067eb,510300.SH,买入
429,EVENT_QUEUE,2022-01-28 10:34:55,2021-09-23 15:00:03,Cancel,Cancel,2021-09-23 15:00:03,250e26e2-c3c4-4cf6-963d-24e4d6e067eb,510300.SH,卖出
430,EVENT_QUEUE,2022-01-28 10:34:55,2021-09-24 15:00:00,Bar,Bar,2021-09-24 15:00:00,510300.SH,4.85,4.90,4.84,4.86,0.00,0.00
431,EVENT_QUEUE,2022-01-28 10:34:55,2021-09-23 15:59:03,Clear,NULL
432,EVENT_QUEUE,2022-01-28 10:34:55,2021-09-27 15:00:00,Bar,Bar,2021-09-27 15:00:00,510300.SH,4.87,4.92,4.85,4.89,0.00,0.00
433,EVENT_QUEUE,2022-01-28 10:34:55,2021-09-24 15:59:00,Clear,NULL
434,EVENT_QUEUE,2022-01-28 10:34:55,2021-09-28 15:00:00,Bar,Bar,2021-09-28 15:00:00,510300.SH,4.88,4.90,4.85,4.88,0.00,0.00
435,EVENT_QUEUE,2022-01-28 10:34:55,2021-09-27 15:59:00,Clear,NULL
436,EVENT_QUEUE,2022-01-28 10:34:55,2021-09-29 15:00:00,Bar,Bar,2021-09-29 15:00:00,510300.SH,4.85,4.87,4.80,4.85,0.00,0.00
437,EVENT_QUEUE,2022-01-28 10:34:55,2021-09-28 15:59:00,Clear,NULL
438,EVENT_QUEUE,2022-01-28 10:34:55,2021-09-30 15:00:00,Bar,Bar,2021-09-30 15:00:00,510300.SH,4.85,4.88,4.85,4.86,0.00,0.00
439,EVENT_QUEUE,2022-01-28 10:34:55,2021-09-29 15:59:00,Clear,NULL
440,EVENT_QUEUE,2022-01-28 10:34:55,2021-10-08 15:00:00,Bar,Bar,2021-10-08 15:00:00,510300.SH,4.90,4.94,4.89,4.93,0.00,0.00
441,EVENT_QUEUE,2022-01-28 10:34:55,2021-09-30 15:59:00,Clear,NULL
442,EVENT_QUEUE,2022-01-28 10:34:55,2021-10-11 15:00:00,Bar,Bar,2021-10-11 15:00:00,510300.SH,4.94,4.98,4.92,4.93,0.00,0.00
443,EVENT_QUEUE,2022-01-28 10:34:55,2021-10-08 15:59:00,Clear,NULL
444,EVENT_QUEUE,2022-01-28 10:34:55,2021-10-12 15:00:00,Bar,Bar,2021-10-12 15:00:00,510300.SH,4.91,4.92,4.84,4.88,0.00,0.00
445,EVENT_QUEUE,2022-01-28 10:34:55,2021-10-11 15:59:00,Clear,NULL
446,EVENT_QUEUE,2022-01-28 10:34:55,2021-10-13 15:00:00,Bar,Bar,2021-10-13 15:00:00,510300.SH,4.87,4.95,4.87,4.93,0.00,0.00
447,EVENT_QUEUE,2022-01-28 10:34:55,2021-10-12 15:59:00,Clear,NULL
448,EVENT_QUEUE,2022-01-28 10:34:55,2021-10-14 15:00:00,Bar,Bar,2021-10-14 15:00:00,510300.SH,4.93,4.95,4.89,4.91,0.00,0.00
449,EVENT_QUEUE,2022-01-28 10:34:55,2021-10-13 15:59:00,Clear,NULL
450,EVENT_QUEUE,2022-01-28 10:34:55,2021-10-15 15:00:00,Bar,Bar,2021-10-15 15:00:00,510300.SH,4.90,4.94,4.88,4.93,0.00,0.00
451,EVENT_QUEUE,2022-01-28 10:34:55,2021-10-14 15:59:00,Clear,NULL
452,EVENT_QUEUE,2022-01-28 10:34:55,2021-10-15 15:00:00,Signal,Signal,2021-10-15 15:00:00,510300.SH,买入,开仓,4.93,100000.00,0.00,CNY,FOW,9637a9f4-c6cc-4908-a185-d413d985601c
453,EVENT_QUEUE,2022-01-28 10:34:55,2021-10-15 15:00:01,Order,Order,2021-10-15 15:00:00,9637a9f4-c6cc-4908-a185-d413d985601c,510300.SH,买入,开仓,4.93,100000.00,TBF
454,EVENT_QUEUE,2022-01-28 10:34:55,2021-10-15 15:00:01,Fill,Fill,2021-10-15 15:00:01,9637a9f4-c6cc-4908-a185-d413d985601c,510300.SH,买入,开仓,4.93,100000.00,
455,EVENT_QUEUE,2022-01-28 10:34:55,2021-10-15 15:00:02,Cancel,Cancel,2021-10-15 15:00:02,9637a9f4-c6cc-4908-a185-d413d985601c,510300.SH,买入
456,EVENT_QUEUE,2022-01-28 10:34:55,2021-10-15 15:00:02,Cancel,Cancel,2021-10-15 15:00:02,9637a9f4-c6cc-4908-a185-d413d985601c,510300.SH,卖出
457,EVENT_QUEUE,2022-01-28 10:34:55,2021-10-18 15:00:00,Bar,Bar,2021-10-18 15:00:00,510300.SH,4.93,4.93,4.84,4.87,0.00,0.00
458,EVENT_QUEUE,2022-01-28 10:34:55,2021-10-15 15:59:02,Clear,NULL
459,EVENT_QUEUE,2022-01-28 10:34:55,2021-10-19 15:00:00,Bar,Bar,2021-10-19 15:00:00,510300.SH,4.86,4.92,4.86,4.92,0.00,0.00
460,EVENT_QUEUE,2022-01-28 10:34:55,2021-10-18 15:59:00,Clear,NULL
461,EVENT_QUEUE,2022-01-28 10:34:55,2021-10-20 15:00:00,Bar,Bar,2021-10-20 15:00:00,510300.SH,4.92,4.94,4.89,4.90,0.00,0.00
462,EVENT_QUEUE,2022-01-28 10:34:55,2021-10-19 15:59:00,Clear,NULL
463,EVENT_QUEUE,2022-01-28 10:34:55,2021-10-21 15:00:00,Bar,Bar,2021-10-21 15:00:00,510300.SH,4.90,4.95,4.89,4.93,0.00,0.00
464,EVENT_QUEUE,2022-01-28 10:34:55,2021-10-20 15:59:00,Clear,NULL
465,EVENT_QUEUE,2022-01-28 10:34:55,2021-10-22 15:00:00,Bar,Bar,2021-10-22 15:00:00,510300.SH,4.93,4.99,4.93,4.96,0.00,0.00
466,EVENT_QUEUE,2022-01-28 10:34:55,2021-10-21 15:59:00,Clear,NULL
467,EVENT_QUEUE,2022-01-28 10:34:55,2021-10-25 15:00:00,Bar,Bar,2021-10-25 15:00:00,510300.SH,4.94,4.98,4.93,4.98,0.00,0.00
468,EVENT_QUEUE,2022-01-28 10:34:55,2021-10-22 15:59:00,Clear,NULL
469,EVENT_QUEUE,2022-01-28 10:34:55,2021-10-26 15:00:00,Bar,Bar,2021-10-26 15:00:00,510300.SH,4.98,5.01,4.95,4.96,0.00,0.00
470,EVENT_QUEUE,2022-01-28 10:34:55,2021-10-25 15:59:00,Clear,NULL
471,EVENT_QUEUE,2022-01-28 10:34:55,2021-10-27 15:00:00,Bar,Bar,2021-10-27 15:00:00,510300.SH,4.95,4.95,4.88,4.89,0.00,0.00
472,EVENT_QUEUE,2022-01-28 10:34:55,2021-10-26 15:59:00,Clear,NULL
473,EVENT_QUEUE,2022-01-28 10:34:55,2021-10-28 15:00:00,Bar,Bar,2021-10-28 15:00:00,510300.SH,4.88,4.90,4.85,4.87,0.00,0.00
474,EVENT_QUEUE,2022-01-28 10:34:55,2021-10-27 15:59:00,Clear,NULL
475,EVENT_QUEUE,2022-01-28 10:34:55,2021-10-29 15:00:00,Bar,Bar,2021-10-29 15:00:00,510300.SH,4.87,4.91,4.86,4.90,0.00,0.00
476,EVENT_QUEUE,2022-01-28 10:34:55,2021-10-28 15:59:00,Clear,NULL
477,EVENT_QUEUE,2022-01-28 10:34:55,2021-11-01 15:00:00,Bar,Bar,2021-11-01 15:00:00,510300.SH,4.88,4.91,4.86,4.89,0.00,0.00
478,EVENT_QUEUE,2022-01-28 10:34:55,2021-10-29 15:59:00,Clear,NULL
479,EVENT_QUEUE,2022-01-28 10:34:55,2021-11-02 15:00:00,Bar,Bar,2021-11-02 15:00:00,510300.SH,4.89,4.92,4.80,4.84,0.00,0.00
480,EVENT_QUEUE,2022-01-28 10:34:55,2021-11-01 15:59:00,Clear,NULL
481,EVENT_QUEUE,2022-01-28 10:34:55,2021-11-03 15:00:00,Bar,Bar,2021-11-03 15:00:00,510300.SH,4.83,4.86,4.80,4.82,0.00,0.00
482,EVENT_QUEUE,2022-01-28 10:34:55,2021-11-02 15:59:00,Clear,NULL
483,EVENT_QUEUE,2022-01-28 10:34:55,2021-11-03 15:00:00,Signal,Signal,2021-11-03 15:00:00,510300.SH,卖出,平仓,4.82,100000.00,0.00,CNY,FOW,e6f81e2c-ff08-4cde-af8f-c926aeab3308
484,EVENT_QUEUE,2022-01-28 10:34:55,2021-11-03 15:00:01,Order,Order,2021-11-03 15:00:01,e6f81e2c-ff08-4cde-af8f-c926aeab3308,510300.SH,卖出,平仓,4.82,100000.00,TBF
485,EVENT_QUEUE,2022-01-28 10:34:55,2021-11-03 15:00:02,Fill,Fill,2021-11-03 15:00:02,e6f81e2c-ff08-4cde-af8f-c926aeab3308,510300.SH,卖出,平仓,4.82,100000.00,
486,EVENT_QUEUE,2022-01-28 10:34:55,2021-11-03 15:00:03,Cancel,Cancel,2021-11-03 15:00:03,e6f81e2c-ff08-4cde-af8f-c926aeab3308,510300.SH,买入
487,EVENT_QUEUE,2022-01-28 10:34:55,2021-11-03 15:00:03,Cancel,Cancel,2021-11-03 15:00:03,e6f81e2c-ff08-4cde-af8f-c926aeab3308,510300.SH,卖出
488,EVENT_QUEUE,2022-01-28 10:34:55,2021-11-04 15:00:00,Bar,Bar,2021-11-04 15:00:00,510300.SH,4.84,4.87,4.84,4.86,0.00,0.00
489,EVENT_QUEUE,2022-01-28 10:34:55,2021-11-03 15:59:03,Clear,NULL
490,EVENT_QUEUE,2022-01-28 10:34:55,2021-11-05 15:00:00,Bar,Bar,2021-11-05 15:00:00,510300.SH,4.85,4.89,4.85,4.85,0.00,0.00
491,EVENT_QUEUE,2022-01-28 10:34:55,2021-11-04 15:59:00,Clear,NULL
492,EVENT_QUEUE,2022-01-28 10:34:55,2021-11-08 15:00:00,Bar,Bar,2021-11-08 15:00:00,510300.SH,4.84,4.87,4.83,4.84,0.00,0.00
493,EVENT_QUEUE,2022-01-28 10:34:55,2021-11-05 15:59:00,Clear,NULL
494,EVENT_QUEUE,2022-01-28 10:34:55,2021-11-09 15:00:00,Bar,Bar,2021-11-09 15:00:00,510300.SH,4.86,4.88,4.82,4.84,0.00,0.00
495,EVENT_QUEUE,2022-01-28 10:34:55,2021-11-08 15:59:00,Clear,NULL
496,EVENT_QUEUE,2022-01-28 10:34:55,2021-11-10 15:00:00,Bar,Bar,2021-11-10 15:00:00,510300.SH,4.84,4.84,4.75,4.82,0.00,0.00
497,EVENT_QUEUE,2022-01-28 10:34:55,2021-11-09 15:59:00,Clear,NULL
498,EVENT_QUEUE,2022-01-28 10:34:55,2021-11-11 15:00:00,Bar,Bar,2021-11-11 15:00:00,510300.SH,4.81,4.90,4.81,4.90,0.00,0.00
499,EVENT_QUEUE,2022-01-28 10:34:55,2021-11-10 15:59:00,Clear,NULL
500,EVENT_QUEUE,2022-01-28 10:34:55,2021-11-12 15:00:00,Bar,Bar,2021-11-12 15:00:00,510300.SH,4.90,4.91,4.88,4.89,0.00,0.00
501,EVENT_QUEUE,2022-01-28 10:34:55,2021-11-11 15:59:00,Clear,NULL
502,EVENT_QUEUE,2022-01-28 10:34:55,2021-11-15 15:00:00,Bar,Bar,2021-11-15 15:00:00,510300.SH,4.90,4.91,4.87,4.89,0.00,0.00
503,EVENT_QUEUE,2022-01-28 10:34:55,2021-11-12 15:59:00,Clear,NULL
504,EVENT_QUEUE,2022-01-28 10:34:55,2021-11-16 15:00:00,Bar,Bar,2021-11-16 15:00:00,510300.SH,4.89,4.92,4.87,4.88,0.00,0.00
505,EVENT_QUEUE,2022-01-28 10:34:55,2021-11-15 15:59:00,Clear,NULL
506,EVENT_QUEUE,2022-01-28 10:34:55,2021-11-17 15:00:00,Bar,Bar,2021-11-17 15:00:00,510300.SH,4.88,4.90,4.87,4.88,0.00,0.00
507,EVENT_QUEUE,2022-01-28 10:34:55,2021-11-16 15:59:00,Clear,NULL
508,EVENT_QUEUE,2022-01-28 10:34:55,2021-11-18 15:00:00,Bar,Bar,2021-11-18 15:00:00,510300.SH,4.87,4.88,4.83,4.84,0.00,0.00
509,EVENT_QUEUE,2022-01-28 10:34:55,2021-11-17 15:59:00,Clear,NULL
510,EVENT_QUEUE,2022-01-28 10:34:55,2021-11-19 15:00:00,Bar,Bar,2021-11-19 15:00:00,510300.SH,4.83,4.90,4.83,4.89,0.00,0.00
511,EVENT_QUEUE,2022-01-28 10:34:55,2021-11-18 15:59:00,Clear,NULL
512,EVENT_QUEUE,2022-01-28 10:34:55,2021-11-22 15:00:00,Bar,Bar,2021-11-22 15:00:00,510300.SH,4.90,4.92,4.89,4.91,0.00,0.00
513,EVENT_QUEUE,2022-01-28 10:34:55,2021-11-19 15:59:00,Clear,NULL
514,EVENT_QUEUE,2022-01-28 10:34:55,2021-11-22 15:00:00,Signal,Signal,2021-11-22 15:00:00,510300.SH,买入,开仓,4.91,100000.00,0.00,CNY,FOW,cfc9686f-c074-4e61-b639-c08ff38cb1a3
515,EVENT_QUEUE,2022-01-28 10:34:55,2021-11-22 15:00:01,Order,Order,2021-11-22 15:00:00,cfc9686f-c074-4e61-b639-c08ff38cb1a3,510300.SH,买入,开仓,4.91,100000.00,TBF
516,EVENT_QUEUE,2022-01-28 10:34:55,2021-11-22 15:00:01,Fill,Fill,2021-11-22 15:00:01,cfc9686f-c074-4e61-b639-c08ff38cb1a3,510300.SH,买入,开仓,4.91,100000.00,
517,EVENT_QUEUE,2022-01-28 10:34:55,2021-11-22 15:00:02,Cancel,Cancel,2021-11-22 15:00:02,cfc9686f-c074-4e61-b639-c08ff38cb1a3,510300.SH,买入
518,EVENT_QUEUE,2022-01-28 10:34:55,2021-11-22 15:00:02,Cancel,Cancel,2021-11-22 15:00:02,cfc9686f-c074-4e61-b639-c08ff38cb1a3,510300.SH,卖出
519,EVENT_QUEUE,2022-01-28 10:34:55,2021-11-23 15:00:00,Bar,Bar,2021-11-23 15:00:00,510300.SH,4.90,4.92,4.89,4.91,0.00,0.00
520,EVENT_QUEUE,2022-01-28 10:34:55,2021-11-22 15:59:02,Clear,NULL
521,EVENT_QUEUE,2022-01-28 10:34:55,2021-11-24 15:00:00,Bar,Bar,2021-11-24 15:00:00,510300.SH,4.91,4.94,4.90,4.92,0.00,0.00
522,EVENT_QUEUE,2022-01-28 10:34:55,2021-11-23 15:59:00,Clear,NULL
523,EVENT_QUEUE,2022-01-28 10:34:55,2021-11-25 15:00:00,Bar,Bar,2021-11-25 15:00:00,510300.SH,4.92,4.92,4.89,4.90,0.00,0.00
524,EVENT_QUEUE,2022-01-28 10:34:55,2021-11-24 15:59:00,Clear,NULL
525,EVENT_QUEUE,2022-01-28 10:34:55,2021-11-26 15:00:00,Bar,Bar,2021-11-26 15:00:00,510300.SH,4.89,4.89,4.85,4.86,0.00,0.00
526,EVENT_QUEUE,2022-01-28 10:34:55,2021-11-25 15:59:00,Clear,NULL
527,EVENT_QUEUE,2022-01-28 10:34:55,2021-11-29 15:00:00,Bar,Bar,2021-11-29 15:00:00,510300.SH,4.82,4.86,4.82,4.85,0.00,0.00
528,EVENT_QUEUE,2022-01-28 10:34:55,2021-11-26 15:59:00,Clear,NULL
529,EVENT_QUEUE,2022-01-28 10:34:55,2021-11-30 15:00:00,Bar,Bar,2021-11-30 15:00:00,510300.SH,4.86,4.87,4.81,4.84,0.00,0.00
530,EVENT_QUEUE,2022-01-28 10:34:55,2021-11-29 15:59:00,Clear,NULL
531,EVENT_QUEUE,2022-01-28 10:34:55,2021-12-01 15:00:00,Bar,Bar,2021-12-01 15:00:00,510300.SH,4.84,4.85,4.83,4.85,0.00,0.00
532,EVENT_QUEUE,2022-01-28 10:34:55,2021-11-30 15:59:00,Clear,NULL
533,EVENT_QUEUE,2022-01-28 10:34:55,2021-12-02 15:00:00,Bar,Bar,2021-12-02 15:00:00,510300.SH,4.84,4.87,4.83,4.86,0.00,0.00
534,EVENT_QUEUE,2022-01-28 10:34:55,2021-12-01 15:59:00,Clear,NULL
535,EVENT_QUEUE,2022-01-28 10:34:55,2021-12-03 15:00:00,Bar,Bar,2021-12-03 15:00:00,510300.SH,4.86,4.90,4.85,4.90,0.00,0.00
536,EVENT_QUEUE,2022-01-28 10:34:55,2021-12-02 15:59:00,Clear,NULL
537,EVENT_QUEUE,2022-01-28 10:34:55,2021-12-03 15:00:00,Signal,Signal,2021-12-03 15:00:00,510300.SH,卖出,平仓,4.90,100000.00,0.00,CNY,FOW,51c996fc-c636-4650-b5fa-7e36194d6e03
538,EVENT_QUEUE,2022-01-28 10:34:55,2021-12-03 15:00:01,Order,Order,2021-12-03 15:00:01,51c996fc-c636-4650-b5fa-7e36194d6e03,510300.SH,卖出,平仓,4.90,100000.00,TBF
539,EVENT_QUEUE,2022-01-28 10:34:55,2021-12-03 15:00:02,Fill,Fill,2021-12-03 15:00:02,51c996fc-c636-4650-b5fa-7e36194d6e03,510300.SH,卖出,平仓,4.90,100000.00,
540,EVENT_QUEUE,2022-01-28 10:34:55,2021-12-03 15:00:03,Cancel,Cancel,2021-12-03 15:00:03,51c996fc-c636-4650-b5fa-7e36194d6e03,510300.SH,买入
541,EVENT_QUEUE,2022-01-28 10:34:55,2021-12-03 15:00:03,Cancel,Cancel,2021-12-03 15:00:03,51c996fc-c636-4650-b5fa-7e36194d6e03,510300.SH,卖出
542,EVENT_QUEUE,2022-01-28 10:34:55,2021-12-06 15:00:00,Bar,Bar,2021-12-06 15:00:00,510300.SH,4.91,4.94,4.89,4.90,0.00,0.00
543,EVENT_QUEUE,2022-01-28 10:34:55,2021-12-03 15:59:03,Clear,NULL
544,EVENT_QUEUE,2022-01-28 10:34:55,2021-12-07 15:00:00,Bar,Bar,2021-12-07 15:00:00,510300.SH,4.92,4.93,4.90,4.93,0.00,0.00
545,EVENT_QUEUE,2022-01-28 10:34:55,2021-12-06 15:59:00,Clear,NULL
546,EVENT_QUEUE,2022-01-28 10:34:55,2021-12-08 15:00:00,Bar,Bar,2021-12-08 15:00:00,510300.SH,4.93,5.00,4.91,5.00,0.00,0.00
547,EVENT_QUEUE,2022-01-28 10:34:55,2021-12-07 15:59:00,Clear,NULL
548,EVENT_QUEUE,2022-01-28 10:34:55,2021-12-08 15:00:00,Signal,Signal,2021-12-08 15:00:00,510300.SH,买入,开仓,5.00,100000.00,0.00,CNY,FOW,b4f6f2db-bd65-4da4-8751-47b5997f19ae
549,EVENT_QUEUE,2022-01-28 10:34:55,2021-12-08 15:00:01,Order,Order,2021-12-08 15:00:00,b4f6f2db-bd65-4da4-8751-47b5997f19ae,510300.SH,买入,开仓,5.00,100000.00,TBF
550,EVENT_QUEUE,2022-01-28 10:34:55,2021-12-08 15:00:01,Fill,Fill,2021-12-08 15:00:01,b4f6f2db-bd65-4da4-8751-47b5997f19ae,510300.SH,买入,开仓,5.00,100000.00,
551,EVENT_QUEUE,2022-01-28 10:34:55,2021-12-08 15:00:02,Cancel,Cancel,2021-12-08 15:00:02,b4f6f2db-bd65-4da4-8751-47b5997f19ae,510300.SH,买入
552,EVENT_QUEUE,2022-01-28 10:34:55,2021-12-08 15:00:02,Cancel,Cancel,2021-12-08 15:00:02,b4f6f2db-bd65-4da4-8751-47b5997f19ae,510300.SH,卖出
553,EVENT_QUEUE,2022-01-28 10:34:55,2021-12-09 15:00:00,Bar,Bar,2021-12-09 15:00:00,510300.SH,5.00,5.12,5.00,5.08,0.00,0.00
554,EVENT_QUEUE,2022-01-28 10:34:55,2021-12-08 15:59:02,Clear,NULL
555,EVENT_QUEUE,2022-01-28 10:34:55,2021-12-10 15:00:00,Bar,Bar,2021-12-10 15:00:00,510300.SH,5.06,5.07,5.04,5.06,0.00,0.00
556,EVENT_QUEUE,2022-01-28 10:34:55,2021-12-09 15:59:00,Clear,NULL
557,EVENT_QUEUE,2022-01-28 10:34:55,2021-12-13 15:00:00,Bar,Bar,2021-12-13 15:00:00,510300.SH,5.09,5.15,5.07,5.08,0.00,0.00
558,EVENT_QUEUE,2022-01-28 10:34:55,2021-12-10 15:59:00,Clear,NULL
559,EVENT_QUEUE,2022-01-28 10:34:55,2021-12-14 15:00:00,Bar,Bar,2021-12-14 15:00:00,510300.SH,5.06,5.08,5.04,5.05,0.00,0.00
560,EVENT_QUEUE,2022-01-28 10:34:55,2021-12-13 15:59:00,Clear,NULL
561,EVENT_QUEUE,2022-01-28 10:34:55,2021-12-15 15:00:00,Bar,Bar,2021-12-15 15:00:00,510300.SH,5.04,5.06,5.00,5.00,0.00,0.00
562,EVENT_QUEUE,2022-01-28 10:34:55,2021-12-14 15:59:00,Clear,NULL
563,EVENT_QUEUE,2022-01-28 10:34:55,2021-12-16 15:00:00,Bar,Bar,2021-12-16 15:00:00,510300.SH,5.00,5.03,4.99,5.03,0.00,0.00
564,EVENT_QUEUE,2022-01-28 10:34:55,2021-12-15 15:59:00,Clear,NULL
565,EVENT_QUEUE,2022-01-28 10:34:55,2021-12-17 15:00:00,Bar,Bar,2021-12-17 15:00:00,510300.SH,5.02,5.02,4.95,4.96,0.00,0.00
566,EVENT_QUEUE,2022-01-28 10:34:55,2021-12-16 15:59:00,Clear,NULL
567,EVENT_QUEUE,2022-01-28 10:34:55,2021-12-20 15:00:00,Bar,Bar,2021-12-20 15:00:00,510300.SH,4.94,4.97,4.87,4.88,0.00,0.00
568,EVENT_QUEUE,2022-01-28 10:34:55,2021-12-17 15:59:00,Clear,NULL
569,EVENT_QUEUE,2022-01-28 10:34:55,2021-12-21 15:00:00,Bar,Bar,2021-12-21 15:00:00,510300.SH,4.88,4.92,4.87,4.90,0.00,0.00
570,EVENT_QUEUE,2022-01-28 10:34:55,2021-12-20 15:59:00,Clear,NULL
571,EVENT_QUEUE,2022-01-28 10:34:55,2021-12-22 15:00:00,Bar,Bar,2021-12-22 15:00:00,510300.SH,4.92,4.93,4.89,4.91,0.00,0.00
572,EVENT_QUEUE,2022-01-28 10:34:55,2021-12-21 15:59:00,Clear,NULL
573,EVENT_QUEUE,2022-01-28 10:34:55,2021-12-23 15:00:00,Bar,Bar,2021-12-23 15:00:00,510300.SH,4.92,4.95,4.90,4.94,0.00,0.00
574,EVENT_QUEUE,2022-01-28 10:34:55,2021-12-22 15:59:00,Clear,NULL
575,EVENT_QUEUE,2022-01-28 10:34:55,2021-12-24 15:00:00,Bar,Bar,2021-12-24 15:00:00,510300.SH,4.95,4.95,4.90,4.92,0.00,0.00
576,EVENT_QUEUE,2022-01-28 10:34:55,2021-12-23 15:59:00,Clear,NULL
577,EVENT_QUEUE,2022-01-28 10:34:55,2021-12-24 15:00:00,Signal,Signal,2021-12-24 15:00:00,510300.SH,卖出,平仓,4.92,100000.00,0.00,CNY,FOW,78a30ada-f1eb-4b5a-8e89-68e94efdc450
578,EVENT_QUEUE,2022-01-28 10:34:55,2021-12-24 15:00:01,Order,Order,2021-12-24 15:00:01,78a30ada-f1eb-4b5a-8e89-68e94efdc450,510300.SH,卖出,平仓,4.92,100000.00,TBF
579,EVENT_QUEUE,2022-01-28 10:34:55,2021-12-24 15:00:02,Fill,Fill,2021-12-24 15:00:02,78a30ada-f1eb-4b5a-8e89-68e94efdc450,510300.SH,卖出,平仓,4.92,100000.00,
580,EVENT_QUEUE,2022-01-28 10:34:55,2021-12-24 15:00:03,Cancel,Cancel,2021-12-24 15:00:03,78a30ada-f1eb-4b5a-8e89-68e94efdc450,510300.SH,买入
581,EVENT_QUEUE,2022-01-28 10:34:55,2021-12-24 15:00:03,Cancel,Cancel,2021-12-24 15:00:03,78a30ada-f1eb-4b5a-8e89-68e94efdc450,510300.SH,卖出
582,EVENT_QUEUE,2022-01-28 10:34:55,2021-12-27 15:00:00,Bar,Bar,2021-12-27 15:00:00,510300.SH,4.92,4.94,4.89,4.92,0.00,0.00
583,EVENT_QUEUE,2022-01-28 10:34:55,2021-12-24 15:59:03,Clear,NULL
584,EVENT_QUEUE,2022-01-28 10:34:55,2021-12-28 15:00:00,Bar,Bar,2021-12-28 15:00:00,510300.SH,4.92,4.96,4.92,4.95,0.00,0.00
585,EVENT_QUEUE,2022-01-28 10:34:55,2021-12-27 15:59:00,Clear,NULL
586,EVENT_QUEUE,2022-01-28 10:34:55,2021-12-29 15:00:00,Bar,Bar,2021-12-29 15:00:00,510300.SH,4.95,4.95,4.88,4.88,0.00,0.00
587,EVENT_QUEUE,2022-01-28 10:34:55,2021-12-28 15:59:00,Clear,NULL
588,EVENT_QUEUE,2022-01-28 10:34:55,2021-12-30 15:00:00,Bar,Bar,2021-12-30 15:00:00,510300.SH,4.88,4.94,4.88,4.92,0.00,0.00
589,EVENT_QUEUE,2022-01-28 10:34:55,2021-12-29 15:59:00,Clear,NULL
590,EVENT_QUEUE,2022-01-28 10:34:55,2021-12-31 15:00:00,Bar,Bar,2021-12-31 15:00:00,510300.SH,4.93,4.95,4.92,4.93,0.00,0.00
591,EVENT_QUEUE,2022-01-28 10:34:55,2021-12-30 15:59:00,Clear,NULL
592,EVENT_QUEUE,2022-01-28 10:34:55,1900-01-01 00:00:00,DEFAULT,NULL
593,EVENT_QUEUE,2022-01-28 10:34:55,2099-12-31 23:59:59,END,NULL
594,EVENT_QUEUE,2022-01-28 10:34:55,2021-12-31 16:00:00,Clear,NULL
